{"radius":25,"P_v":[0.000173538,0.000173486,0.000173423,0.000173346,0.000173251,0.000173134,0.000172989,0.000172811,0.000172597,0.000172349,0.000172073,0.00017178,0.000171488,0.000171216,0.000170985,0.000170814,0.00017072,0.000170715,0.000170804,0.000170987,0.000171257,0.000171602,0.000172005,0.000172446,0.000172901,0.000173346,0.000173757,0.000174111,0.000174387,0.000174568,0.000174641,0.000174595,0.000174425,0.000174129,0.000173709,0.00017317,0.00017252,0.000171769,0.000170929,0.000170011,0.000169031,0.000168,0.000166933,0.000165843,0.000164742,0.000163641,0.000162552,0.000161484,0.000160444,0.000159441,0.000158481,0.000157569,0.000156709,0.000155903,0.000155155,0.000154464,0.000153832,0.000153258,0.000152741,0.00015228,0.000151872,0.000151515,0.000151207,0.000150944,0.000150724,0.000150542,0.000150396,0.000150282,0.000150196,0.000150136,0.000150098,0.00015008,0.000150077,0.000150088,0.00015011,0.000150141,0.000150179,0.000150221,0.000150265,0.000150312,0.000150358,0.000150404,0.000150447,0.000150488,0.000150525,0.000150558,0.000150586,0.00015061,0.000150628,0.00015064,0.000150647,0.000150647,0.000150641,0.000150629,0.00015061,0.000150584,0.000150552,0.000150512,0.000150464,0.00015041,0.000150347,0.000150277,0.000150199,0.000150113,0.000150019,0.000149917,0.000149807,0.000149689,0.000149563,0.00014943,0.000149289,0.000149141,0.000148986,0.000148824,0.000148656,0.000148482,0.000148303,0.000148119,0.000147931,0.000147739,0.000147544,0.000147346,0.000147146,0.000146944,0.000146742,0.000146539,0.000146337,0.000146136,0.000145937,0.00014574,0.000145546,0.000145355,0.000145168,0.000144986,0.000144809,0.000144637,0.000144471,0.000144311,0.000144158,0.000144012,0.000143874,0.000143744,0.000143621,0.000143507,0.000143402,0.000143305,0.000143218,0.000143139,0.00014307,0.000143009,0.000142958,0.000142917,0.000142884,0.000142861,0.000142847,0.000142842,0.000142845,0.000142857,0.000142878,0.000142907,0.000142944,0.000142988,0.00014304,0.000143098,0.000143164,0.000143235,0.000143313,0.000143396,0.000143484,0.000143578,0.000143675,0.000143777,0.000143882,0.00014399,0.000144102,0.000144215,0.000144331,0.000144448,0.000144566,0.000144686,0.000144805,0.000144925,0.000145045,0.000145165,0.000145284,0.000145402,0.000145518,0.000145634,0.000145747,0.000145859,0.000145968,0.000146075,0.00014618,0.000146283,0.000146382,0.000146479,0.000146573,0.000146664,0.000146752,0.000146837,0.000146919,0.000146998,0.000147073,0.000147146,0.000147215,0.000147281,0.000147344,0.000147404,0.000147461,0.000147515,0.000147565,0.000147613,0.000147659,0.000147701,0.000147741,0.000147778,0.000147812,0.000147844,0.000147874,0.000147901,0.000147926,0.000147949,0.000147969,0.000147988,0.000148004,0.000148019,0.000148032,0.000148043,0.000148053,0.000148061,0.000148067,0.000148072,0.000148076,0.000148078,0.000148079,0.000148079,0.000148078,0.000148076,0.000148072,0.000148068,0.000148063,0.000148057,0.000148051,0.000148043,0.000148035,0.000148026,0.000148017,0.000148007,0.000147996,0.000147985,0.000147974,0.000147962,0.00014795,0.000147937,0.000147924,0.000147911,0.000147897,0.000147883,0.000147869,0.000147855,0.00014784,0.000147825,0.00014781,0.000147795,0.00014778,0.000147765,0.000147749,0.000147734,0.000147718,0.000147702,0.000147687,0.000147671,0.000147655,0.000147639,0.000147623,0.000147607,0.000147591,0.000147575,0.000147559,0.000147543,0.000147527,0.000147511,0.000147495,0.000147479,0.000147463,0.000147447,0.000147431,0.000147415,0.000147399,0.000147383,0.000147367,0.000147351,0.000147335,0.000147319,0.000147303,0.000147287,0.000147271,0.000147256,0.00014724,0.000147224,0.000147208,0.000147192,0.000147177,0.000147161,0.000147145,0.00014713,0.000147114,0.000147098,0.000147083,0.000147067,0.000147052,0.000147036,0.00014702,0.000147005,0.000146989,0.000146974,0.000146958,0.000146943,0.000146927,0.000146912,0.000146897,0.000146881,0.000146866,0.00014685,0.000146835,0.000146819,0.000146804,0.000146789,0.000146773,0.000146758,0.000146743,0.000146727,0.000146712,0.000146697,0.000146682,0.000146666,0.000146651,0.000146636,0.000146621,0.000146605,0.00014659,0.000146575,0.00014656,0.000146544,0.000146529,0.000146514,0.000146499,0.000146484,0.000146469,0.000146454,0.000146439,0.000146424,0.000146408,0.000146393,0.000146378,0.000146363,0.000146348,0.000146333,0.000146318,0.000146304,0.000146289,0.000146274,0.000146259,0.000146244,0.000146229,0.000146214,0.0001462,0.000146185,0.00014617,0.000146155,0.000146141,0.000146126,0.000146111,0.000146097,0.000146082,0.000146068,0.000146053,0.000146039,0.000146024,0.00014601,0.000145996,0.000145981,0.000145967,0.000145953,0.000145939,0.000145924,0.00014591,0.000145896,0.000145882,0.000145868,0.000145854,0.00014584,0.000145827,0.000145813,0.000145799,0.000145785,0.000145772,0.000145758,0.000145745,0.000145731,0.000145718,0.000145704,0.000145691,0.000145678,0.000145665,0.000145652,0.000145639,0.000145626,0.000145613,0.0001456,0.000145587,0.000145575,0.000145562,0.00014555,0.000145537,0.000145525,0.000145513,0.000145501,0.000145488,0.000145476,0.000145464,0.000145453,0.000145441,0.000145429,0.000145418,0.000145406,0.000145395,0.000145383,0.000145372,0.000145361,0.00014535,0.000145339,0.000145328,0.000145317,0.000145307,0.000145296,0.000145286,0.000145275,0.000145265,0.000145255,0.000145245,0.000145235,0.000145225,0.000145215,0.000145205,0.000145196,0.000145186,0.000145177,0.000145168,0.000145159,0.00014515,0.000145141,0.000145132,0.000145123,0.000145115,0.000145106,0.000145098,0.00014509,0.000145081,0.000145073,0.000145065,0.000145058,0.00014505,0.000145042,0.000145035,0.000145027,0.00014502,0.000145013,0.000145006,0.000144999,0.000144992,0.000144985,0.000144978,0.000144972,0.000144965,0.000144959,0.000144953,0.000144947,0.000144941,0.000144935,0.000144929,0.000144923,0.000144917,0.000144912,0.000144906,0.000144901,0.000144896,0.000144891,0.000144886,0.000144881,0.000144876,0.000144871,0.000144867,0.000144862,0.000144858,0.000144853,0.000144849,0.000144845,0.000144841,0.000144837,0.000144833,0.000144829,0.000144825,0.000144821,0.000144818,0.000144814,0.000144811,0.000144807,0.000144804,0.000144801,0.000144798,0.000144795,0.000144792,0.000144789,0.000144786,0.000144783,0.000144781,0.000144778,0.000144776,0.000144773,0.000144771,0.000144768,0.000144766,0.000144764,0.000144762,0.00014476,0.000144758,0.000144756,0.000144754,0.000144752,0.00014475,0.000144748,0.000144747,0.000144745,0.000144743,0.000144742,0.00014474,0.000144739,0.000144738,0.000144736,0.000144735,0.000144734,0.000144732,0.000144731,0.00014473,0.000144729,0.000144728,0.000144727,0.000144726,0.000144725,0.000144724,0.000144723,0.000144722,0.000144722,0.000144721,0.00014472,0.000144719,0.000144719,0.000144718,0.000144717,0.000144717,0.000144716,0.000144716,0.000144715,0.000144715,0.000144714,0.000144714,0.000144713,0.000144713,0.000144712,0.000144712,0.000144712,0.000144711,0.000144711,0.000144711,0.00014471,0.00014471,0.00014471,0.00014471,0.000144709,0.000144709,0.000144709,0.000144709,0.000144709,0.000144708,0.000144708,0.000144708,0.000144708,0.000144708,0.000144708,0.000144708,0.000144707,0.000144707,0.000144707,0.000144707,0.000144707,0.000144707,0.000144707,0.000144707,0.000144707,0.000144707,0.000144707,0.000144707,0.000144707,0.000144706,0.000144706,0.000144706,0.000144706,0.000144706,0.000144706,0.000144706,0.000144706,0.000144706,0.000144706,0.000144706,0.000144706,0.000144706,0.000144706,0.000144706,0.000144706,0.000144706,0.000144706,0.000144706,0.000144706,0.000144706,0.000144706,0.000144706,0.000144706,0.000144705,0.000144705,0.000144705,0.000144705,0.000144705,0.000144705,0.000144705,0.000144705,0.000144705,0.000144705,0.000144705,0.000144705,0.000144705,0.000144705,0.000144705,0.000144704,0.000144704,0.000144704,0.000144704,0.000144704,0.000144704,0.000144704,0.000144704,0.000144704,0.000144703,0.000144703,0.000144703,0.000144703,0.000144703,0.000144703,0.000144703,0.000144703,0.000144702,0.000144702,0.000144702,0.000144702,0.000144702,0.000144702,0.000144701,0.000144701,0.000144701,