{"radius":35,"P_v":[0.000173106,0.000173106,0.000173106,0.000173106,0.000173106,0.000173106,0.000173106,0.000173106,0.000173106,0.000173106,0.000173106,0.000173106,0.000173105,0.000173105,0.000173105,0.000173104,0.000173104,0.000173103,0.000173103,0.000173102,0.000173101,0.0001731,0.000173098,0.000173096,0.000173093,0.000173087,0.000173079,0.000173067,0.000173049,0.000173024,0.000172992,0.00017295,0.000172898,0.000172837,0.000172766,0.000172686,0.000172599,0.000172507,0.000172412,0.000172319,0.00017223,0.000172149,0.000172079,0.000172024,0.000171987,0.000171969,0.000171973,0.000171998,0.000172046,0.000172113,0.000172199,0.000172301,0.000172415,0.000172535,0.000172659,0.00017278,0.000172894,0.000172995,0.000173079,0.00017314,0.000173174,0.000173178,0.000173148,0.000173081,0.000172976,0.000172831,0.000172646,0.00017242,0.000172154,0.000171848,0.000171504,0.000171124,0.00017071,0.000170263,0.000169787,0.000169284,0.000168757,0.000168209,0.000167643,0.000167063,0.00016647,0.000165867,0.000165259,0.000164646,0.000164033,0.000163421,0.000162812,0.000162209,0.000161614,0.000161028,0.000160453,0.000159891,0.000159343,0.000158811,0.000158294,0.000157794,0.000157312,0.000156847,0.000156402,0.000155975,0.000155567,0.000155178,0.000154808,0.000154456,0.000154123,0.000153809,0.000153511,0.000153231,0.000152968,0.000152721,0.00015249,0.000152273,0.000152071,0.000151882,0.000151706,0.000151542,0.00015139,0.000151248,0.000151117,0.000150994,0.000150881,0.000150775,0.000150676,0.000150583,0.000150496,0.000150414,0.000150336,0.000150262,0.00015019,0.000150121,0.000150053,0.000149987,0.00014992,0.000149854,0.000149786,0.000149718,0.000149648,0.000149575,0.0001495,0.000149423,0.000149342,0.000149257,0.000149169,0.000149077,0.000148981,0.000148881,0.000148776,0.000148668,0.000148555,0.000148438,0.000148317,0.000148192,0.000148063,0.000147931,0.000147795,0.000147656,0.000147515,0.000147371,0.000147224,0.000147076,0.000146926,0.000146775,0.000146623,0.00014647,0.000146318,0.000146165,0.000146013,0.000145862,0.000145713,0.000145565,0.000145419,0.000145276,0.000145135,0.000144997,0.000144863,0.000144732,0.000144605,0.000144483,0.000144365,0.000144252,0.000144144,0.000144041,0.000143943,0.000143851,0.000143765,0.000143685,0.000143611,0.000143543,0.000143482,0.000143427,0.000143378,0.000143336,0.000143301,0.000143272,0.000143249,0.000143234,0.000143225,0.000143222,0.000143226,0.000143236,0.000143252,0.000143275,0.000143304,0.000143338,0.000143379,0.000143425,0.000143476,0.000143532,0.000143594,0.00014366,0.000143732,0.000143807,0.000143886,0.00014397,0.000144057,0.000144148,0.000144241,0.000144338,0.000144437,0.000144539,0.000144643,0.000144749,0.000144856,0.000144965,0.000145075,0.000145186,0.000145298,0.00014541,0.000145522,0.000145634,0.000145746,0.000145858,0.00014597,0.00014608,0.00014619,0.000146298,0.000146405,0.000146511,0.000146615,0.000146718,0.000146819,0.000146918,0.000147015,0.00014711,0.000147203,0.000147294,0.000147382,0.000147468,0.000147552,0.000147634,0.000147713,0.000147789,0.000147863,0.000147935,0.000148004,0.000148071,0.000148135,0.000148197,0.000148256,0.000148313,0.000148368,0.00014842,0.00014847,0.000148518,0.000148563,0.000148606,0.000148647,0.000148686,0.000148723,0.000148758,0.000148792,0.000148823,0.000148852,0.000148879,0.000148905,0.000148929,0.000148952,0.000148973,0.000148992,0.00014901,0.000149026,0.000149042,0.000149055,0.000149068,0.000149079,0.000149089,0.000149098,0.000149106,0.000149113,0.000149119,0.000149124,0.000149128,0.000149132,0.000149134,0.000149136,0.000149137,0.000149137,0.000149137,0.000149136,0.000149134,0.000149132,0.000149129,0.000149126,0.000149123,0.000149119,0.000149114,0.00014911,0.000149105,0.0001491,0.000149094,0.000149089,0.000149083,0.000149077,0.000149071,0.000149065,0.000149059,0.000149053,0.000149048,0.000149042,0.000149037,0.000149031,0.000149026,0.000149022,0.000149017,0.000149013,0.00014901,0.000149007,0.000149004,0.000149002,0.000149,0.000148999,0.000148999,0.000148999,0.000149,0.000149001,0.000149003,0.000149006,0.000149009,0.000149014,0.000149018,0.000149024,0.00014903,0.000149036,0.000149043,0.000149051,0.000149059,0.000149067,0.000149076,0.000149085,0.000149095,0.000149104,0.000149114,0.000149124,0.000149133,0.000149143,0.000149152,0.000149161,0.00014917,0.000149178,0.000149186,0.000149193,0.000149199,0.000149204,0.000149208,0.000149212,0.000149214,0.000149214,0.000149214,0.000149212,0.000149208,0.000149203,0.000149196,0.000149187,0.000149177,0.000149164,0.00014915,0.000149133,0.000149115,0.000149094,0.000149071,0.000149046,0.000149018,0.000148988,0.000148956,0.000148921,0.000148884,0.000148845,0.000148803,0.000148759,0.000148713,0.000148664,0.000148613,0.00014856,0.000148504,0.000148446,0.000148386,0.000148324,0.00014826,0.000148193,0.000148125,0.000148054,0.000147982,0.000147908,0.000147832,0.000147754,0.000147674,0.000147593,0.00014751,0.000147426,0.00014734,0.000147253,0.000147165,0.000147075,0.000146984,0.000146892,0.000146798,0.000146704,0.000146609,0.000146512,0.000146415,0.000146317,0.000146218,0.000146118,0.000146017,0.000145915,0.000145813,0.000145711,0.000145607,0.000145503,0.000145398,0.000145293,0.000145187,0.000145081,0.000144974,0.000144866,0.000144759,0.00014465,0.000144541,0.000144432,0.000144322,0.000144212,0.000144101,0.00014399,0.000143878,0.000143766,0.000143653,0.00014354,0.000143426,0.000143312,0.000143198,0.000143083,0.000142967,0.000142852,0.000142735,0.000142619,0.000142501,0.000142384,0.000142266,0.000142147,0.000142028,0.000141909,0.000141789,0.000141669,0.000141548,0.000141427,0.000141306,0.000141184,0.000141062,0.000140939,0.000140817,0.000140694,0.00014057,0.000140446,0.000140323,0.000140198,0.000140074,0.00013995,0.000139825,0.0001397,0.000139575,0.00013945,0.000139325,0.0001392,0.000139075,0.00013895,0.000138825,0.0001387,0.000138575,0.00013845,0.000138326,0.000138202,0.000138078,0.000137954,0.000137831,0.000137708,0.000137585,0.000137463,0.000137341,0.00013722,0.000137099,0.000136979,0.000136859,0.00013674,0.000136622,0.000136504,0.000136387,0.000136271,0.000136156,0.000136041,0.000135927,0.000135814,0.000135702,0.000135591,0.000135481,0.000135371,0.000135263,0.000135156,0.00013505,0.000134944,0.00013484,0.000134737,0.000134635,0.000134534,0.000134434,0.000134336,0.000134238,0.000134142,0.000134047,0.000133953,0.00013386,0.000133768,0.000133678,0.000133589,0.000133501,0.000133414,0.000133328,0.000133244,0.000133161,0.000133079,0.000132998,0.000132919,0.00013284,0.000132763,0.000132687,0.000132612,0.000132538,0.000132465,0.000132394,0.000132323,0.000132254,0.000132186,0.000132118,0.000132052,0.000131987,0.000131923,0.000131859,0.000131797,0.000131735,0.000131675,0.000131615,0.000131557,0.000131499,0.000131442,0.000131385,0.00013133,0.000131275,0.000131222,0.000131168,0.000131116,0.000131064,0.000131013,0.000130963,0.000130914,0.000130865,0.000130816,0.000130769,0.000130722,0.000130676,0.00013063,0.000130585,0.000130541,0.000130497,0.000130454,0.000130412,0.00013037,0.000130329,0.000130288,0.000130249,0.00013021,0.000130171,0.000130134,0.000130097,0.00013006,0.000130025,0.00012999,0.000129956,0.000129922,0.00012989,0.000129858,0.000129827,0.000129797,0.000129768,0.000129739,0.000129712,0.000129685,0.000129659,0.000129634,0.00012961,0.000129587,0.000129565,0.000129544,0.000129524,0.000129504,0.000129486,0.000129469,0.000129452,0.000129437,0.000129422,0.000129409,0.000129396,0.000129385,0.000129374,0.000129365,0.000129356,0.000129349,0.000129342,0.000129337,0.000129332,0.000129328,0.000129326,0.000129324,0.000129323,0.000129323,0.000129325,0.000129327,0.00012933,0.000129334,0.000129338,0.000129344,0.000129351,0.000129358,0.000129367,0.000129376,0.000129386,0.000129397,0.000129408,0.000129421,0.000129434,0.000129449,0.000129464,0.000129479,0.000129496,0.000129513,0.000129531,0.00012955,0.00012957,0.00012959,0.000129612,0.000129633,0.000129656,0.00012968,0.000129704,0.000129729,0.000129754,0.000129781,0.000129808,0.000129836,0.000129864,0.000129894,0.000129924,0.000129954,