{"radius":30,"P_v":[0.000173114,0.000173113,0.000173112,0.000173111,0.000173109,0.000173107,0.000173104,0.0001731,0.000173096,0.00017309,0.000173083,0.000173074,0.000173063,0.000173048,0.000173027,0.000172998,0.000172959,0.000172907,0.000172838,0.000172752,0.000172647,0.000172524,0.000172385,0.000172235,0.000172078,0.000171921,0.000171772,0.000171639,0.000171529,0.000171449,0.000171406,0.000171404,0.000171445,0.000171529,0.000171655,0.000171819,0.000172013,0.000172231,0.000172464,0.0001727,0.00017293,0.000173142,0.000173327,0.000173475,0.000173577,0.000173626,0.000173616,0.000173543,0.000173405,0.000173199,0.000172926,0.000172587,0.000172185,0.000171723,0.000171204,0.000170635,0.000170019,0.000169363,0.000168672,0.000167952,0.000167209,0.000166448,0.000165675,0.000164896,0.000164115,0.000163337,0.000162566,0.000161807,0.000161063,0.000160336,0.000159631,0.00015895,0.000158294,0.000157666,0.000157066,0.000156496,0.000155956,0.000155447,0.000154969,0.000154522,0.000154106,0.000153719,0.000153362,0.000153033,0.000152731,0.000152455,0.000152204,0.000151976,0.000151771,0.000151586,0.00015142,0.000151272,0.000151141,0.000151025,0.000150922,0.000150832,0.000150752,0.000150683,0.000150623,0.00015057,0.000150524,0.000150484,0.000150448,0.000150416,0.000150388,0.000150361,0.000150336,0.000150312,0.000150288,0.000150264,0.000150238,0.000150211,0.000150181,0.000150149,0.000150113,0.000150073,0.000150029,0.000149981,0.000149927,0.000149868,0.000149804,0.000149734,0.000149657,0.000149575,0.000149486,0.00014939,0.000149289,0.000149181,0.000149066,0.000148946,0.000148819,0.000148687,0.000148549,0.000148405,0.000148257,0.000148105,0.000147948,0.000147787,0.000147623,0.000147456,0.000147286,0.000147114,0.000146941,0.000146767,0.000146592,0.000146418,0.000146243,0.00014607,0.000145898,0.000145728,0.00014556,0.000145395,0.000145233,0.000145075,0.000144921,0.000144772,0.000144627,0.000144487,0.000144353,0.000144224,0.000144102,0.000143986,0.000143877,0.000143774,0.000143678,0.00014359,0.000143509,0.000143435,0.000143369,0.000143311,0.00014326,0.000143217,0.000143182,0.000143155,0.000143135,0.000143123,0.000143119,0.000143122,0.000143133,0.00014315,0.000143175,0.000143207,0.000143246,0.000143291,0.000143342,0.000143399,0.000143462,0.000143531,0.000143605,0.000143684,0.000143767,0.000143855,0.000143947,0.000144042,0.000144141,0.000144243,0.000144348,0.000144455,0.000144565,0.000144676,0.000144789,0.000144903,0.000145018,0.000145134,0.00014525,0.000145366,0.000145482,0.000145598,0.000145713,0.000145827,0.00014594,0.000146052,0.000146163,0.000146272,0.000146379,0.000146485,0.000146588,0.00014669,0.000146789,0.000146885,0.000146979,0.000147071,0.00014716,0.000147247,0.00014733,0.000147412,0.00014749,0.000147566,0.000147638,0.000147708,0.000147776,0.00014784,0.000147902,0.000147961,0.000148018,0.000148072,0.000148123,0.000148172,0.000148218,0.000148262,0.000148303,0.000148342,0.000148379,0.000148413,0.000148446,0.000148476,0.000148504,0.00014853,0.000148554,0.000148577,0.000148597,0.000148616,0.000148633,0.000148649,0.000148663,0.000148675,0.000148687,0.000148696,0.000148705,0.000148712,0.000148718,0.000148723,0.000148727,0.000148729,0.000148731,0.000148732,0.000148732,0.000148731,0.000148729,0.000148726,0.000148723,0.000148719,0.000148714,0.000148709,0.000148703,0.000148697,0.00014869,0.000148683,0.000148675,0.000148667,0.000148658,0.00014865,0.00014864,0.000148631,0.000148621,0.000148611,0.0001486,0.00014859,0.000148579,0.000148568,0.000148556,0.000148545,0.000148533,0.000148522,0.00014851,0.000148498,0.000148486,0.000148474,0.000148462,0.000148449,0.000148437,0.000148425,0.000148412,0.0001484,0.000148387,0.000148375,0.000148362,0.00014835,0.000148338,0.000148325,0.000148313,0.0001483,0.000148288,0.000148276,0.000148264,0.000148252,0.00014824,0.000148229,0.000148217,0.000148206,0.000148195,0.000148184,0.000148174,0.000148163,0.000148153,0.000148144,0.000148134,0.000148126,0.000148117,0.000148109,0.000148102,0.000148094,0.000148088,0.000148082,0.000148077,0.000148072,0.000148068,0.000148064,0.000148061,0.000148059,0.000148057,0.000148056,0.000148056,0.000148057,0.000148058,0.000148059,0.000148062,0.000148065,0.000148068,0.000148072,0.000148077,0.000148082,0.000148088,0.000148093,0.0001481,0.000148106,0.000148113,0.00014812,0.000148127,0.000148133,0.00014814,0.000148147,0.000148153,0.000148159,0.000148165,0.00014817,0.000148174,0.000148178,0.00014818,0.000148182,0.000148183,0.000148183,0.000148181,0.000148179,0.000148175,0.000148169,0.000148162,0.000148153,0.000148143,0.000148131,0.000148117,0.000148101,0.000148083,0.000148063,0.000148042,0.000148018,0.000147992,0.000147963,0.000147933,0.000147901,0.000147866,0.000147829,0.000147789,0.000147748,0.000147704,0.000147658,0.00014761,0.00014756,0.000147507,0.000147453,0.000147396,0.000147337,0.000147276,0.000147214,0.000147149,0.000147082,0.000147014,0.000146943,0.000146871,0.000146798,0.000146722,0.000146646,0.000146567,0.000146487,0.000146406,0.000146323,0.000146239,0.000146154,0.000146068,0.000145981,0.000145892,0.000145802,0.000145712,0.00014562,0.000145528,0.000145435,0.000145341,0.000145246,0.000145151,0.000145054,0.000144958,0.00014486,0.000144762,0.000144663,0.000144564,0.000144465,0.000144364,0.000144264,0.000144162,0.000144061,0.000143959,0.000143856,0.000143753,0.00014365,0.000143546,0.000143442,0.000143337,0.000143232,0.000143127,0.000143021,0.000142915,0.000142808,0.000142701,0.000142593,0.000142486,0.000142377,0.000142269,0.00014216,0.00014205,0.00014194,0.00014183,0.00014172,0.000141609,0.000141497,0.000141385,0.000141273,0.000141161,0.000141048,0.000140934,0.000140821,0.000140707,0.000140592,0.000140477,0.000140362,0.000140247,0.000140131,0.000140016,0.000139899,0.000139783,0.000139666,0.00013955,0.000139433,0.000139315,0.000139198,0.000139081,0.000138963,0.000138846,0.000138728,0.000138611,0.000138493,0.000138375,0.000138258,0.000138141,0.000138023,0.000137906,0.000137789,0.000137673,0.000137556,0.00013744,0.000137324,0.000137209,0.000137094,0.000136979,0.000136865,0.000136751,0.000136638,0.000136525,0.000136413,0.000136302,0.000136191,0.00013608,0.000135971,0.000135862,0.000135754,0.000135647,0.00013554,0.000135434,0.000135329,0.000135225,0.000135122,0.00013502,0.000134919,0.000134818,0.000134719,0.000134621,0.000134523,0.000134427,0.000134332,0.000134238,0.000134145,0.000134053,0.000133962,0.000133872,0.000133783,0.000133696,0.00013361,0.000133524,0.00013344,0.000133357,0.000133276,0.000133195,0.000133116,0.000133037,0.00013296,0.000132884,0.000132809,0.000132736,0.000132663,0.000132592,0.000132521,0.000132452,0.000132384,0.000132317,0.000132251,0.000132186,0.000132122,0.000132059,0.000131997,0.000131936,0.000131877,0.000131818,0.000131759,0.000131702,0.000131646,0.000131591,0.000131536,0.000131482,0.000131429,0.000131377,0.000131326,0.000131275,0.000131225,0.000131176,0.000131127,0.000131079,0.000131032,0.000130985,0.000130939,0.000130893,0.000130848,0.000130804,0.00013076,0.000130717,0.000130674,0.000130632,0.00013059,0.000130549,0.000130508,0.000130468,0.000130428,0.000130389,0.00013035,0.000130312,0.000130274,0.000130237,0.0001302,0.000130163,0.000130128,0.000130092,0.000130058,0.000130023,0.00012999,0.000129957,0.000129924,0.000129892,0.000129861,0.00012983,0.0001298,0.000129771,0.000129742,0.000129714,0.000129687,0.00012966,0.000129634,0.000129609,0.000129584,0.000129561,0.000129538,0.000129516,0.000129495,0.000129475,0.000129455,0.000129437,0.000129419,0.000129402,0.000129386,0.000129371,0.000129357,0.000129344,0.000129332,0.000129321,0.000129311,0.000129302,0.000129294,0.000129287,0.00012928,0.000129275,0.000129271,0.000129268,0.000129266,0.000129265,0.000129265,0.000129266,0.000129268,0.000129271,0.000129275,0.000129281,0.000129287,0.000129294,0.000129302,0.000129311,0.000129322,0.000129333,0.000129345,0.000129359,0.000129373,0.000129388,0.000129404,0.000129422,0.00012944,0.000129459,0.000129479,0.000129501,0.000129523,0.000129546,0.00012957,0.000129594,0.00012962,0.000129647,0.000129674,0.000129703,