{"radius":25,"P_v":[0.000173538,0.000173486,0.000173423,0.000173346,0.000173251,0.000173134,0.000172989,0.000172811,0.000172597,0.000172349,0.000172073,0.00017178,0.000171488,0.000171216,0.000170985,0.000170814,0.00017072,0.000170715,0.000170804,0.000170987,0.000171257,0.000171602,0.000172005,0.000172446,0.000172901,0.000173346,0.000173757,0.000174111,0.000174387,0.000174568,0.000174641,0.000174595,0.000174425,0.000174129,0.000173709,0.00017317,0.00017252,0.000171769,0.000170929,0.000170011,0.000169031,0.000168,0.000166933,0.000165843,0.000164742,0.000163641,0.000162552,0.000161484,0.000160444,0.000159441,0.000158481,0.000157569,0.000156709,0.000155903,0.000155155,0.000154464,0.000153832,0.000153258,0.000152741,0.00015228,0.000151872,0.000151515,0.000151207,0.000150944,0.000150724,0.000150542,0.000150396,0.000150282,0.000150196,0.000150136,0.000150098,0.00015008,0.000150077,0.000150088,0.00015011,0.000150141,0.000150179,0.000150221,0.000150265,0.000150312,0.000150358,0.000150404,0.000150447,0.000150488,0.000150525,0.000150558,0.000150586,0.00015061,0.000150628,0.00015064,0.000150647,0.000150647,0.000150641,0.000150629,0.00015061,0.000150584,0.000150552,0.000150512,0.000150464,0.00015041,0.000150347,0.000150277,0.000150199,0.000150113,0.000150019,0.000149917,0.000149807,0.000149689,0.000149563,0.00014943,0.000149289,0.000149141,0.000148986,0.000148824,0.000148656,0.000148482,0.000148303,0.000148119,0.000147931,0.000147739,0.000147544,0.000147346,0.000147146,0.000146944,0.000146742,0.000146539,0.000146337,0.000146136,0.000145937,0.00014574,0.000145546,0.000145355,0.000145168,0.000144986,0.000144809,0.000144637,0.000144471,0.000144311,0.000144158,0.000144012,0.000143874,0.000143744,0.000143621,0.000143507,0.000143402,0.000143305,0.000143218,0.000143139,0.00014307,0.000143009,0.000142958,0.000142917,0.000142884,0.000142861,0.000142847,0.000142842,0.000142845,0.000142857,0.000142878,0.000142907,0.000142944,0.000142988,0.00014304,0.000143098,0.000143164,0.000143235,0.000143313,0.000143396,0.000143484,0.000143578,0.000143675,0.000143777,0.000143882,0.00014399,0.000144102,0.000144215,0.000144331,0.000144448,0.000144566,0.000144686,0.000144805,0.000144925,0.000145045,0.000145165,0.000145284,0.000145402,0.000145518,0.000145634,0.000145747,0.000145859,0.000145968,0.000146075,0.00014618,0.000146283,0.000146382,0.000146479,0.000146573,0.000146664,0.000146752,0.000146837,0.000146919,0.000146998,0.000147073,0.000147146,0.000147215,0.000147281,0.000147344,0.000147404,0.000147461,0.000147515,0.000147565,0.000147613,0.000147659,0.000147701,0.000147741,0.000147778,0.000147812,0.000147844,0.000147874,0.000147901,0.000147926,0.000147949,0.000147969,0.000147988,0.000148004,0.000148019,0.000148032,0.000148043,0.000148053,0.000148061,0.000148067,0.000148072,0.000148076,0.000148078,0.000148079,0.000148079,0.000148078,0.000148076,0.000148072,0.000148068,0.000148063,0.000148057,0.000148051,0.000148043,0.000148035,0.000148026,0.000148017,0.000148007,0.000147996,0.000147985,0.000147974,0.000147962,0.00014795,0.000147937,0.000147924,0.000147911,0.000147897,0.000147883,0.000147869,0.000147855,0.00014784,0.000147825,0.00014781,0.000147795,0.00014778,0.000147765,0.000147749,0.000147734,0.000147718,0.000147702,0.000147687,0.000147671,0.000147655,0.000147639,0.000147623,0.000147607,0.000147591,0.000147575,0.000147559,0.000147543,0.000147527,0.000147511,0.000147495,0.000147479,0.000147463,0.000147447,0.000147431,0.000147415,0.000147399,0.000147383,0.000147367,0.000147351,0.000147335,0.000147319,0.000147303,0.000147287,0.000147271,0.000147256,0.00014724,0.000147224,0.000147208,0.000147192,0.000147177,0.000147161,0.000147145,0.00014713,0.000147114,0.000147098,0.000147083,0.000147067,0.000147052,0.000147036,0.000147021,0.000147005,0.00014699,0.000146974,0.000146959,0.000146944,0.000146928,0.000146913,0.000146898,0.000146883,0.000146868,0.000146853,0.000146838,0.000146824,0.000146809,0.000146795,0.000146781,0.000146767,0.000146754,0.00014674,0.000146727,0.000146714,0.000146702,0.00014669,0.000146678,0.000146667,0.000146656,0.000146645,0.000146635,0.000146626,0.000146617,0.000146608,0.000146601,0.000146593,0.000146587,0.000146581,0.000146575,0.00014657,0.000146566,0.000146563,0.00014656,0.000146558,0.000146556,0.000146555,0.000146554,0.000146554,0.000146555,0.000146556,0.000146557,0.000146559,0.000146561,0.000146563,0.000146566,0.000146568,0.000146571,0.000146574,0.000146576,0.000146579,0.000146581,0.000146583,0.000146585,0.000146586,0.000146586,0.000146586,0.000146585,0.000146583,0.00014658,0.000146577,0.000146572,0.000146566,0.000146559,0.00014655,0.00014654,0.000146529,0.000146515,0.000146501,0.000146485,0.000146467,0.000146447,0.000146425,0.000146402,0.000146376,0.000146349,0.00014632,0.000146289,0.000146255,0.00014622,0.000146183,0.000146144,0.000146103,0.000146059,0.000146014,0.000145967,0.000145918,0.000145867,0.000145814,0.000145759,0.000145703,0.000145645,0.000145584,0.000145523,0.000145459,0.000145394,0.000145328,0.00014526,0.000145191,0.00014512,0.000145048,0.000144974,0.0001449,0.000144824,0.000144747,0.000144669,0.00014459,0.00014451,0.00014443,0.000144348,0.000144265,0.000144182,0.000144098,0.000144014,0.000143929,0.000143843,0.000143756,0.00014367,0.000143582,0.000143494,0.000143406,0.000143317,0.000143228,0.000143139,0.000143049,0.000142959,0.000142868,0.000142778,0.000142687,0.000142595,0.000142504,0.000142412,0.000142319,0.000142227,0.000142134,0.000142041,0.000141948,0.000141854,0.000141761,0.000141667,0.000141572,0.000141478,0.000141383,0.000141288,0.000141192,0.000141096,0.000141,0.000140904,0.000140807,0.00014071,0.000140613,0.000140516,0.000140418,0.00014032,0.000140221,0.000140123,0.000140024,0.000139924,0.000139825,0.000139725,0.000139625,0.000139524,0.000139423,0.000139323,0.000139221,0.00013912,0.000139018,0.000138917,0.000138815,0.000138713,0.00013861,0.000138508,0.000138405,0.000138303,0.0001382,0.000138097,0.000137994,0.000137892,0.000137789,0.000137686,0.000137584,0.000137481,0.000137379,0.000137276,0.000137174,0.000137072,0.000136971,0.000136869,0.000136768,0.000136668,0.000136567,0.000136467,0.000136367,0.000136268,0.000136169,0.000136071,0.000135973,0.000135876,0.000135779,0.000135683,0.000135588,0.000135493,0.000135399,0.000135305,0.000135212,0.00013512,0.000135029,0.000134939,0.000134849,0.00013476,0.000134672,0.000134585,0.000134499,0.000134413,0.000134329,0.000134245,0.000134163,0.000134081,0.000134,0.000133921,0.000133842,0.000133764,0.000133687,0.000133612,0.000133537,0.000133463,0.000133391,0.000133319,0.000133248,0.000133179,0.00013311,0.000133043,0.000132976,0.00013291,0.000132846,0.000132782,0.00013272,0.000132658,0.000132598,0.000132538,0.000132479,0.000132421,0.000132365,0.000132309,0.000132254,0.000132199,0.000132146,0.000132094,0.000132042,0.000131991,0.000131941,0.000131892,0.000131843,0.000131795,0.000131748,0.000131701,0.000131656,0.00013161,0.000131566,0.000131522,0.000131478,0.000131436,0.000131393,0.000131352,0.00013131,0.00013127,0.000131229,0.000131189,0.00013115,0.000131111,0.000131072,0.000131034,0.000130996,0.000130959,0.000130922,0.000130885,0.000130849,0.000130813,0.000130777,0.000130742,0.000130707,0.000130672,0.000130638,0.000130604,0.00013057,0.000130537,0.000130504,0.000130472,0.000130439,0.000130408,0.000130376,0.000130345,0.000130315,0.000130285,0.000130255,0.000130225,0.000130197,0.000130168,0.00013014,0.000130113,0.000130086,0.00013006,0.000130034,0.000130009,0.000129984,0.00012996,0.000129937,0.000129914,0.000129892,0.00012987,0.00012985,0.00012983,0.00012981,0.000129791,0.000129773,0.000129756,0.00012974,0.000129724,0.000129709,0.000129695,0.000129682,0.00012967,0.000129659,0.000129648,0.000129638,0.000129629,0.000129621,0.000129615,0.000129608,0.000129603,0.000129599,0.000129596,0.000129594,0.000129593,0.000129592,0.000129593,0.000129595,0.000129598,0.000129601,0.000129606,0.000129612,0.000129619,0.000129627,0.000129636,0.000129646,0.000129657,0.00012967,0.000129683,0.000129697,0.000129713,0.000129729,0.000129747,