{"radius":25,"P_v":[0.000173581,0.000173524,0.000173455,0.00017337,0.000173266,0.000173138,0.000172981,0.000172788,0.000172559,0.000172296,0.000172007,0.000171707,0.000171412,0.000171146,0.000170929,0.000170781,0.000170716,0.000170745,0.000170866,0.000171073,0.00017135,0.000171673,0.000172013,0.000172335,0.000172606,0.000172791,0.000172859,0.000172787,0.000172555,0.000172156,0.000171586,0.000170852,0.000169966,0.000168944,0.000167808,0.000166582,0.000165292,0.000163964,0.000162623,0.000161294,0.00016,0.000158761,0.000157595,0.000156517,0.00015554,0.000154673,0.000153921,0.000153289,0.000152777,0.000152385,0.000152107,0.000151941,0.000151877,0.00015191,0.00015203,0.000152227,0.000152493,0.000152818,0.000153193,0.000153608,0.000154056,0.000154527,0.000155016,0.000155515,0.000156018,0.00015652,0.000157017,0.000157505,0.000157981,0.000158441,0.000158884,0.000159309,0.000159714,0.000160098,0.00016046,0.000160802,0.000161122,0.000161421,0.0001617,0.000161958,0.000162198,0.000162419,0.000162622,0.000162808,0.000162978,0.000163133,0.000163274,0.000163401,0.000163515,0.000163617,0.000163707,0.000163786,0.000163855,0.000163914,0.000163963,0.000164003,0.000164034,0.000164057,0.000164071,0.000164078,0.000164078,0.000164071,0.000164057,0.000164037,0.000164011,0.00016398,0.000163944,0.000163903,0.000163859,0.000163811,0.000163761,0.000163708,0.000163654,0.000163599,0.000163544,0.000163489,0.000163435,0.000163383,0.000163333,0.000163286,0.000163243,0.000163205,0.000163172,0.000163145,0.000163124,0.00016311,0.000163104,0.000163106,0.000163117,0.000163137,0.000163168,0.000163208,0.000163259,0.000163321,0.000163394,0.000163479,0.000163576,0.000163685,0.000163805,0.000163938,0.000164083,0.000164239,0.000164408,0.000164588,0.00016478,0.000164983,0.000165196,0.00016542,0.000165654,0.000165897,0.000166149,0.000166409,0.000166677,0.000166953,0.000167234,0.000167522,0.000167814,0.000168111,0.000168412,0.000168716,0.000169022,0.00016933,0.000169638,0.000169947,0.000170256,0.000170564,0.00017087,0.000171175,0.000171476,0.000171775,0.00017207,0.000172361,0.000172648,0.000172931,0.000173208,0.00017348,0.000173747,0.000174008,0.000174263,0.000174513,0.000174757,0.000174994,0.000175226,0.000175452,0.000175672,0.000175887,0.000176096,0.0001763,0.000176498,0.000176692,0.000176882,0.000177067,0.000177249,0.000177427,0.000177602,0.000177775,0.000177945,0.000178115,0.000178283,0.000178451,0.000178619,0.000178788,0.000178958,0.00017913,0.000179305,0.000179484,0.000179667,0.000179855,0.000180048,0.000180248,0.000180456,0.000180672,0.000180896,0.000181131,0.000181376,0.000181632,0.000181902,0.000182184,0.000182481,0.000182793,0.000183122,0.000183468,0.000183832,0.000184216,0.000184621,0.000185047,0.000185496,0.000185969,0.000186468,0.000186993,0.000187547,0.00018813,0.000188745,0.000189392,0.000190074,0.000190792,0.000191548,0.000192344,0.000193182,0.000194064,0.000194992,0.000195969,0.000196998,0.00019808,0.00019922,0.000200419,0.00020168,0.000203008,0.000204406,0.000205877,0.000207425,0.000209055,0.000210772,0.000212578,0.000214481,0.000216484,0.000218594,0.000220817,0.000223157,0.000225623,0.000228219,0.000230955,0.000233835,0.000236869,0.000240063,0.000243426,0.000246964,0.000250687,0.000254601,0.000258714,0.000263034,0.000267566,0.000272318,0.000277294,0.000282497,0.000287931,0.000293595,0.000299487,0.000305603,0.000311933,0.000318467,0.000325185,0.000332065,0.000339076,0.000346181,0.000353331,0.000360469,0.000367524,0.00037441,0.000381026,0.000387253,0.000392949,0.00039795,0.000402066,0.000405079,0.00040674,0.000406766,0.000404841,0.000400612,0.000393688,0.000383647,0.00037003,0.00035235,0.0003301,0.000302755,0.000269794,0.000230707,0.000185018,0.000132304,7.22261E-5,4.54933E-6,-7.08219E-5,-0.000153817,-0.000244168,-0.000341385,-0.000444736,-0.000553226,-0.000665596,-0.000780322,-0.000895628,-0.00100952,-0.0011198,-0.00122416,-0.00132022,-0.0014056,-0.00147803,-0.00153545,-0.0015761,-0.00159858,-0.00160202,-0.00158604,-0.00155083,-0.00149714,-0.00142627,-0.00133997,-0.00124041,-0.00113009,-0.00101171,-0.000888128,-0.000762189,-0.000636656,-0.000514079,-0.000396692,-0.000286333,-0.00018438,-9.17293E-5,-8.79809E-6,6.44314E-5,0.000128348,0.000183624,0.00023113,0.000271839,0.000306756,0.000336853,0.000363032,0.000386101,0.000406762,0.000425609,0.000443134,0.000459735,0.000475724,0.00049134,0.000506765,0.00052214,0.000537571,0.000553138,0.000568903,0.00058491,0.000601193,0.000617774,0.000634675,0.000651914,0.000669513,0.000687491,0.000705869,0.000724665,0.000743901,0.000763597,0.000783779,0.000804475,0.000825719,0.000847547,0.000869995,0.000893103,0.000916912,0.000941468,0.000966826,0.000993045,0.00102019,0.00104831,0.0010775,0.00110783,0.00113938,0.00117226,0.00120658,0.00124246,0.00128003,0.00131946,0.00136091,0.0014046,0.00145077,0.00149969,0.00155172,0.00160724,0.00166677,0.00173092,0.00180046,0.00187644,null,null,null,null,null,null,null,null,null,null,null,null,null,null,null,null,null,null,null,null,null,null,null,null,null,null,null,null,null,null,null,null,null,null,null,null,null,null,null,null,null,null,null,null,null,null,null,null,null,null,null,null,null,null,null,null,null,null,null,null,null,null,null,null,null,null,null,null,null,null,null,null,null,null,null,null,null,null,null,null,null,null,null,null,null,null,null,null,null,null,null,null,null,null,null,null,null,null,null,null,null,null,null,null,null,null,null,null,null,null,null,null,null,null,null,null,null,null,null,null,null,null,null,null,null,null,null,null,null,null,null,null,null,null,null,null,null,null,null,null,null,null,null,null,null,null,null,null,null,null,null,null,null,null,null,null,null,null,null,null,null,null,null,null,null,null,null,null,null,null,null,null,null,null,null,null,null,null,null,null,null,null,null,null,null,null,null,null,null,null,null,null,null,null,null,null,null,null,null,null,null,null,null,null,null,null,null,null,null,null,null,null,null,null,null,null,null,null,null,null,null,null,null,null,null,null,null,null,null,null,null,null,null,null,null,null,null,null,null,null,null,null,null,null,null,null,null,null,null,null,null,null,null,null,null,null,null,null,null,null,null,null,null,null,null,null,null,null,null,null,null,null,null,null,null,null,null,null,null,null,null,null,null,null,null,null,null,null,null,null,null,null,null,null,null,null,null,null,null,null,null,null,null,null,null,null,null,null,null,null,null,null,null,null,null,null,null,null,null,null,null,null,null,null,null,null,null,null,null,null,null,null,null,null,null,null,null,null,null,null,null,null,null,null,null,null,null,null,null,null,null,null,null,null,null,null,null,null,null,null,null,null,null,null,null,null,null,null,null,null,null,null,null,null,null,null,null,null,null,null,null,null,null,null,null,null,null,null,null,null,null,null,null,null,null,null,null,null,null,null,null,null,null,null,null,null,null,null,null,null,null,null,null,null,null,null,null,null,null,null,null,null,null,null,null,null,null,null,null,null,null,null,null,null,null,null,null,null,null,null,null,null,null,null,null,null,null,null,null,null,null,null,null,null,null,null,null,null,null,null,null,null,null,null,null,null,null,null,null,null,null,null,null,null,null,null,null,null,null,null,null,null,null,null,null,null,null,null,null,null,null,null,null,null,null,null,null,null,null,null,null,null,null,null,null,null,null,null,null,null,null,null,null,null,null,null,null,null,null,null,null,null,null,null,null,null,null,null,null,null,null,null,null,null,null,null,null,null,null,null,null,null,null,null,null,null,null,null,null,null,null,null,null,null,null,null,null,null,null,null,null,null,null,null,null,null,null,null,null,null,null,null,null,null,null,null,null,null,null,null,null,null,null,null,null,null,null,null,null,null,null,null],"P_inf":0.0028983319016612774,"S":0.02193,"nu_l":0.16666666666666666,"rho_l":0.34,"r_inf":112.00000000000001}