{"radius":35,"P_v":[0.000173106,0.000173106,0.000173106,0.000173106,0.000173106,0.000173106,0.000173106,0.000173106,0.000173106,0.000173106,0.000173106,0.000173106,0.000173105,0.000173105,0.000173105,0.000173104,0.000173104,0.000173103,0.000173102,0.000173101,0.0001731,0.000173099,0.000173097,0.000173095,0.000173091,0.000173085,0.000173075,0.000173061,0.000173041,0.000173013,0.000172977,0.000172932,0.000172876,0.000172811,0.000172736,0.000172654,0.000172565,0.000172474,0.000172382,0.000172294,0.000172213,0.000172142,0.000172083,0.00017204,0.000172013,0.000172002,0.000172007,0.000172024,0.000172051,0.000172084,0.000172118,0.000172147,0.000172166,0.000172169,0.000172149,0.000172103,0.000172025,0.000171911,0.000171757,0.000171562,0.000171324,0.000171043,0.000170717,0.00017035,0.000169941,0.000169495,0.000169013,0.000168499,0.000167958,0.000167393,0.00016681,0.000166211,0.000165603,0.00016499,0.000164377,0.000163767,0.000163166,0.000162578,0.000162006,0.000161454,0.000160925,0.000160423,0.000159949,0.000159507,0.000159097,0.000158721,0.000158381,0.000158077,0.000157808,0.000157576,0.00015738,0.000157219,0.000157092,0.000156998,0.000156936,0.000156904,0.000156901,0.000156925,0.000156975,0.000157049,0.000157146,0.000157264,0.000157403,0.000157559,0.000157734,0.000157924,0.000158129,0.000158349,0.000158581,0.000158824,0.000159078,0.00015934,0.00015961,0.000159886,0.000160166,0.000160448,0.000160731,0.000161013,0.000161292,0.000161565,0.000161832,0.000162089,0.000162335,0.000162568,0.000162787,0.000162991,0.000163177,0.000163345,0.000163494,0.000163625,0.000163735,0.000163826,0.000163898,0.000163952,0.000163988,0.000164007,0.000164011,0.000164,0.000163977,0.000163944,0.000163902,0.000163852,0.000163798,0.00016374,0.000163682,0.000163624,0.00016357,0.00016352,0.000163476,0.00016344,0.000163414,0.000163399,0.000163397,0.000163407,0.000163432,0.000163471,0.000163526,0.000163597,0.000163684,0.000163787,0.000163906,0.000164042,0.000164193,0.000164359,0.000164541,0.000164736,0.000164946,0.000165169,0.000165405,0.000165653,0.000165913,0.000166183,0.000166464,0.000166755,0.000167054,0.000167362,0.000167677,0.000168,0.000168329,0.000168665,0.000169006,0.000169351,0.000169701,0.000170055,0.000170412,0.000170771,0.000171132,0.000171494,0.000171857,0.00017222,0.000172582,0.000172943,0.000173302,0.000173658,0.000174012,0.000174361,0.000174707,0.000175049,0.000175386,0.000175718,0.000176045,0.000176367,0.000176684,0.000176996,0.000177304,0.000177607,0.000177907,0.000178204,0.000178497,0.000178789,0.000179078,0.000179367,0.000179654,0.000179941,0.000180228,0.000180515,0.000180803,0.000181092,0.000181381,0.000181671,0.000181961,0.000182252,0.000182542,0.000182832,0.000183121,0.000183408,0.000183694,0.000183976,0.000184256,0.000184531,0.000184802,0.000185067,0.000185327,0.00018558,0.000185827,0.000186067,0.000186299,0.000186523,0.00018674,0.000186948,0.000187149,0.000187341,0.000187525,0.000187702,0.000187871,0.000188033,0.000188187,0.000188335,0.000188478,0.000188614,0.000188746,0.000188874,0.000188998,0.00018912,0.000189241,0.000189361,0.000189482,0.000189606,0.000189735,0.00018987,0.000190015,0.000190171,0.000190344,0.000190537,0.000190754,0.000191002,0.000191288,0.000191618,0.000192002,0.000192452,0.000192978,0.000193596,0.000194322,0.000195177,0.000196182,0.000197364,0.000198753,0.000200386,0.000202304,0.000204555,0.000207194,0.000210288,0.00021391,0.000218146,0.000223096,0.00022887,0.000235593,0.000243401,0.000252437,0.000262845,0.000274755,0.000288263,0.000303393,0.000320042,0.000337904,0.000356359,0.000374325,0.000390084,0.000401084,0.000403761,0.000393448,0.000364444,0.00031038,0.000224946,0.00010303,-5.78444E-5,-0.000256041,-0.000484662,-0.000731124,-0.000977712,-0.00120314,-0.00138498,-0.0015028,-0.00154155,-0.0014945,-0.00136473,-0.00116449,-0.000912867,-0.000632574,-0.000346848,-7.64209E-5,0.000163186,0.00036341,0.000522738,0.000645177,0.000737877,0.000808822,0.000865187,0.000912544,0.000954789,0.000994458,0.00103311,0.00107166,0.00111057,0.00115014,0.00119053,0.00123189,0.00127432,0.00131793,0.00136284,0.00140916,0.00145703,0.00150656,0.0015579,0.00161121,0.00166663,0.00172435,0.00178454,0.00184741,0.00191318,0.0019821,0.00205444,0.00213052,0.00221069,0.00229539,0.00238511,0.00248045,0.00258215,0.00269111,0.0028085,0.00293581,0.00307507,0.00322905,null,null,null,null,null,null,null,null,null,null,null,null,null,null,null,null,null,null,null,null,null,null,null,null,null,null,null,null,null,null,null,null,null,null,null,null,null,null,null,null,null,null,null,null,null,null,null,null,null,null,null,null,null,null,null,null,null,null,null,null,null,null,null,null,null,null,null,null,null,null,null,null,null,null,null,null,null,null,null,null,null,null,null,null,null,null,null,null,null,null,null,null,null,null,null,null,null,null,null,null,null,null,null,null,null,null,null,null,null,null,null,null,null,null,null,null,null,null,null,null,null,null,null,null,null,null,null,null,null,null,null,null,null,null,null,null,null,null,null,null,null,null,null,null,null,null,null,null,null,null,null,null,null,null,null,null,null,null,null,null,null,null,null,null,null,null,null,null,null,null,null,null,null,null,null,null,null,null,null,null,null,null,null,null,null,null,null,null,null,null,null,null,null,null,null,null,null,null,null,null,null,null,null,null,null,null,null,null,null,null,null,null,null,null,null,null,null,null,null,null,null,null,null,null,null,null,null,null,null,null,null,null,null,null,null,null,null,null,null,null,null,null,null,null,null,null,null,null,null,null,null,null,null,null,null,null,null,null,null,null,null,null,null,null,null,null,null,null,null,null,null,null,null,null,null,null,null,null,null,null,null,null,null,null,null,null,null,null,null,null,null,null,null,null,null,null,null,null,null,null,null,null,null,null,null,null,null,null,null,null,null,null,null,null,null,null,null,null,null,null,null,null,null,null,null,null,null,null,null,null,null,null,null,null,null,null,null,null,null,null,null,null,null,null,null,null,null,null,null,null,null,null,null,null,null,null,null,null,null,null,null,null,null,null,null,null,null,null,null,null,null,null,null,null,null,null,null,null,null,null,null,null,null,null,null,null,null,null,null,null,null,null,null,null,null,null,null,null,null,null,null,null,null,null,null,null,null,null,null,null,null,null,null,null,null,null,null,null,null,null,null,null,null,null,null,null,null,null,null,null,null,null,null,null,null,null,null,null,null,null,null,null,null,null,null,null,null,null,null,null,null,null,null,null,null,null,null,null,null,null,null,null,null,null,null,null,null,null,null,null,null,null,null,null,null,null,null,null,null,null,null,null,null,null,null,null,null,null,null,null,null,null,null,null,null,null,null,null,null,null,null,null,null,null,null,null,null,null,null,null,null,null,null,null,null,null,null,null,null,null,null,null,null,null,null,null,null,null,null,null,null,null,null,null,null,null,null,null,null,null,null,null,null,null,null,null,null,null,null,null,null,null,null,null,null,null,null,null,null,null,null,null,null,null,null,null,null,null,null,null,null,null,null,null,null,null,null,null,null,null,null,null,null,null,null,null,null,null,null,null,null,null,null,null,null,null,null,null,null,null,null,null,null,null,null,null,null,null,null,null,null,null,null,null,null,null,null,null,null,null,null,null,null,null,null,null,null,null,null,null,null,null,null,null,null,null,null],"P_inf":0.0028983319016612774,"S":0.02193,"nu_l":0.16666666666666666,"rho_l":0.34,"r_inf":56.000000000000007}