{"radius":25,"P_v":[0.000173538,0.000173486,0.000173423,0.000173346,0.000173251,0.000173134,0.000172989,0.000172811,0.000172597,0.000172349,0.000172073,0.00017178,0.000171488,0.000171216,0.000170985,0.000170814,0.00017072,0.000170715,0.000170804,0.000170987,0.000171257,0.000171602,0.000172005,0.000172446,0.000172901,0.000173346,0.000173757,0.000174111,0.000174387,0.000174568,0.000174641,0.000174595,0.000174425,0.000174129,0.000173709,0.00017317,0.00017252,0.000171769,0.000170929,0.000170011,0.000169031,0.000168,0.000166933,0.000165843,0.000164742,0.000163641,0.000162552,0.000161484,0.000160444,0.000159441,0.000158481,0.000157569,0.000156709,0.000155903,0.000155155,0.000154464,0.000153832,0.000153258,0.000152741,0.00015228,0.000151872,0.000151515,0.000151207,0.000150944,0.000150724,0.000150542,0.000150396,0.000150282,0.000150196,0.000150136,0.000150098,0.00015008,0.000150077,0.000150088,0.00015011,0.000150141,0.000150179,0.000150221,0.000150265,0.000150312,0.000150358,0.000150404,0.000150447,0.000150488,0.000150525,0.000150558,0.000150586,0.00015061,0.000150628,0.00015064,0.000150647,0.000150647,0.000150641,0.000150629,0.00015061,0.000150584,0.000150552,0.000150512,0.000150464,0.00015041,0.000150347,0.000150277,0.000150199,0.000150113,0.000150019,0.000149916,0.000149806,0.000149688,0.000149561,0.000149427,0.000149286,0.000149137,0.000148981,0.000148819,0.000148651,0.000148478,0.0001483,0.000148118,0.000147933,0.000147746,0.000147558,0.00014737,0.000147182,0.000146997,0.000146814,0.000146635,0.000146461,0.000146292,0.000146131,0.000145977,0.000145832,0.000145696,0.00014557,0.000145454,0.000145348,0.000145254,0.000145171,0.000145099,0.000145038,0.000144988,0.000144949,0.00014492,0.000144902,0.000144892,0.000144891,0.000144899,0.000144914,0.000144935,0.000144962,0.000144994,0.00014503,0.000145069,0.00014511,0.000145153,0.000145197,0.00014524,0.000145283,0.000145323,0.000145362,0.000145397,0.000145429,0.000145456,0.000145479,0.000145497,0.00014551,0.000145517,0.000145518,0.000145513,0.000145502,0.000145485,0.000145461,0.000145431,0.000145395,0.000145353,0.000145305,0.000145251,0.000145192,0.000145128,0.000145059,0.000144985,0.000144908,0.000144827,0.000144742,0.000144655,0.000144565,0.000144473,0.000144379,0.000144285,0.000144189,0.000144092,0.000143996,0.0001439,0.000143804,0.000143709,0.000143615,0.000143523,0.000143432,0.000143343,0.000143256,0.000143171,0.000143088,0.000143007,0.000142929,0.000142852,0.000142778,0.000142706,0.000142637,0.000142569,0.000142502,0.000142438,0.000142375,0.000142313,0.000142252,0.000142192,0.000142132,0.000142072,0.000142013,0.000141953,0.000141892,0.000141831,0.000141768,0.000141703,0.000141637,0.000141569,0.000141498,0.000141425,0.000141349,0.00014127,0.000141188,0.000141103,0.000141014,0.000140922,0.000140826,0.000140727,0.000140624,0.000140517,0.000140407,0.000140294,0.000140177,0.000140057,0.000139933,0.000139807,0.000139679,0.000139547,0.000139413,0.000139278,0.00013914,0.000139001,0.00013886,0.000138718,0.000138575,0.000138431,0.000138287,0.000138142,0.000137997,0.000137852,0.000137707,0.000137563,0.000137419,0.000137276,0.000137134,0.000136992,0.000136851,0.000136712,0.000136573,0.000136436,0.000136299,0.000136164,0.00013603,0.000135898,0.000135766,0.000135636,0.000135508,0.00013538,0.000135254,0.00013513,0.000135007,0.000134885,0.000134766,0.000134647,0.000134531,0.000134416,0.000134302,0.000134191,0.000134082,0.000133975,0.00013387,0.000133767,0.000133667,0.000133569,0.000133474,0.000133382,0.000133293,0.000133207,0.000133124,0.000133044,0.000132968,0.000132896,0.000132827,0.000132761,0.0001327,0.000132642,0.000132589,0.00013254,0.000132495,0.000132454,0.000132418,0.000132386,0.000132359,0.000132336,0.000132318,0.000132305,0.000132297,0.000132293,0.000132293,0.000132297,0.000132306,0.000132318,0.000132332,0.00013235,0.000132369,0.00013239,0.000132412,0.000132435,0.000132456,0.000132477,0.000132497,0.000132514,0.000132529,0.000132542,0.000132552,0.00013256,0.000132566,0.00013257,0.000132573,0.000132577,0.000132583,0.000132591,0.000132605,0.000132626,0.000132657,0.0001327,0.000132757,0.000132833,0.000132929,0.000133049,0.000133196,0.000133373,0.000133584,0.000133831,0.000134116,0.000134443,0.000134814,0.00013523,0.000135693,0.000136204,0.000136763,0.000137371,0.000138028,0.000138731,0.00013948,0.000140272,0.000141106,0.000141978,0.000142885,0.000143822,0.000144786,0.000145773,0.000146778,0.000147795,0.000148821,0.000149849,0.000150875,0.000151895,0.000152902,0.000153893,0.000154862,0.000155806,0.00015672,0.000157602,0.000158446,0.00015925,0.000160012,0.000160729,0.000161399,0.000162021,0.000162593,0.000163115,0.000163586,0.000164006,0.000164375,0.000164695,0.000164966,0.00016519,0.000165369,0.000165504,0.000165598,0.000165653,0.000165672,0.000165658,0.000165615,0.000165546,0.000165453,0.000165341,0.000165214,0.000165075,0.000164928,0.000164777,0.000164625,0.000164477,0.000164336,0.000164205,0.000164089,0.00016399,0.000163911,0.000163856,0.000163827,0.000163827,0.000163857,0.000163921,0.000164019,0.000164153,0.000164324,0.000164533,0.00016478,0.000165065,0.000165389,0.00016575,0.000166147,0.000166581,0.000167048,0.000167548,0.000168078,0.000168636,0.000169221,0.000169828,0.000170456,0.000171102,0.000171762,0.000172433,0.000173114,0.0001738,0.000174488,0.000175175,0.000175859,0.000176537,0.000177206,0.000177863,0.000178506,0.000179134,0.000179742,0.000180331,0.000180899,0.000181443,0.000181963,0.000182458,0.000182927,0.00018337,0.000183786,0.000184175,0.000184538,0.000184874,0.000185185,0.00018547,0.00018573,0.000185967,0.000186181,0.000186374,0.000186546,0.0001867,0.000186835,0.000186955,0.000187059,0.00018715,0.000187229,0.000187298,0.000187357,0.000187408,0.000187453,0.000187493,0.000187528,0.000187561,0.000187591,0.000187621,0.00018765,0.00018768,0.000187711,0.000187743,0.000187778,0.000187816,0.000187857,0.0001879,0.000187947,0.000187997,0.00018805,0.000188105,0.000188164,0.000188224,0.000188287,0.000188351,0.000188416,0.000188482,0.000188548,0.000188613,0.000188678,0.000188741,0.000188802,0.00018886,0.000188915,0.000188966,0.000189013,0.000189056,0.000189093,0.000189126,0.000189152,0.000189172,0.000189186,0.000189193,0.000189193,0.000189187,0.000189173,0.000189152,0.000189125,0.00018909,0.000189049,0.000189001,0.000188946,0.000188885,0.000188818,0.000188745,0.000188666,0.000188582,0.000188494,0.0001884,0.000188303,0.000188201,0.000188097,0.000187989,0.000187878,0.000187765,0.000187651,0.000187534,0.000187417,0.000187298,0.000187179,0.000187059,0.00018694,0.00018682,0.000186701,0.000186583,0.000186466,0.000186349,0.000186234,0.00018612,0.000186007,0.000185895,0.000185785,0.000185676,0.000185569,0.000185463,0.000185358,0.000185255,0.000185153,0.000185051,0.000184951,0.000184852,0.000184753,0.000184655,0.000184557,0.000184459,0.000184361,0.000184264,0.000184166,0.000184067,0.000183968,0.000183869,0.000183768,0.000183667,0.000183564,0.00018346,0.000183355,0.000183248,0.00018314,0.000183031,0.00018292,0.000182807,0.000182692,0.000182576,0.000182458,0.000182338,0.000182217,0.000182094,0.000181969,0.000181843,0.000181716,0.000181587,0.000181457,0.000181326,0.000181193,0.00018106,0.000180925,0.00018079,0.000180655,0.000180519,0.000180382,0.000180246,0.000180109,0.000179972,0.000179836,0.0001797,0.000179564,0.000179429,0.000179294,0.00017916,0.000179027,0.000178895,0.000178764,0.000178634,0.000178506,0.000178379,0.000178253,0.000178128,0.000178005,0.000177884,0.000177764,0.000177645,0.000177529,0.000177413,0.0001773,0.000177188,0.000177078,0.000176969,0.000176862,0.000176757,0.000176653,0.000176551,0.00017645,0.000176351,0.000176253,0.000176156,0.000176061,0.000175968,0.000175876,0.000175785,0.000175695,0.000175607,0.000175519,0.000175433,0.000175348,0.000175265,0.000175182,0.0001751,0.00017502,0.00017494,0.000174861,0.000174783,0.000174707,0.000174631,0.000174556,0.000174482,0.000174409,0.000174336,0.000174265,0.000174195,0.000174125,0.000174056,0.000173988,0.000173921,0.000173855,0.00017379,0.000173725,0.000173662,