{"radius":30,"P_v":[0.000173115,0.000173114,0.000173113,0.000173111,0.000173109,0.000173107,0.000173103,0.0001731,0.000173095,0.000173089,0.000173081,0.000173071,0.000173058,0.000173041,0.000173018,0.000172986,0.000172943,0.000172885,0.00017281,0.000172717,0.000172605,0.000172475,0.000172331,0.000172176,0.000172018,0.000171864,0.000171722,0.000171601,0.000171507,0.000171448,0.000171426,0.000171443,0.000171497,0.000171583,0.000171694,0.000171819,0.000171946,0.000172062,0.000172154,0.000172207,0.00017221,0.000172153,0.000172028,0.000171827,0.000171549,0.00017119,0.000170753,0.00017024,0.000169657,0.000169009,0.000168305,0.000167553,0.000166762,0.000165943,0.000165104,0.000164256,0.000163408,0.000162569,0.000161749,0.000160954,0.000160192,0.00015947,0.000158793,0.000158166,0.000157592,0.000157076,0.000156617,0.000156219,0.000155882,0.000155604,0.000155386,0.000155225,0.00015512,0.000155068,0.000155066,0.000155111,0.000155199,0.000155326,0.000155489,0.000155684,0.000155907,0.000156154,0.000156422,0.000156707,0.000157006,0.000157316,0.000157633,0.000157956,0.00015828,0.000158606,0.000158929,0.00015925,0.000159565,0.000159874,0.000160175,0.000160468,0.000160752,0.000161026,0.000161289,0.000161542,0.000161783,0.000162013,0.000162232,0.000162439,0.000162634,0.000162818,0.00016299,0.000163151,0.000163301,0.00016344,0.000163568,0.000163685,0.000163792,0.000163888,0.000163975,0.000164051,0.000164119,0.000164177,0.000164227,0.000164268,0.000164302,0.000164327,0.000164346,0.000164358,0.000164364,0.000164364,0.000164359,0.00016435,0.000164336,0.000164319,0.000164299,0.000164276,0.000164252,0.000164226,0.0001642,0.000164174,0.000164149,0.000164124,0.000164102,0.000164082,0.000164064,0.000164051,0.000164041,0.000164036,0.000164036,0.000164042,0.000164053,0.000164071,0.000164096,0.000164129,0.000164169,0.000164217,0.000164273,0.000164338,0.000164412,0.000164494,0.000164586,0.000164687,0.000164798,0.000164918,0.000165047,0.000165185,0.000165333,0.00016549,0.000165656,0.00016583,0.000166013,0.000166204,0.000166403,0.000166609,0.000166822,0.000167042,0.000167267,0.000167499,0.000167735,0.000167976,0.000168222,0.00016847,0.000168722,0.000168976,0.000169232,0.00016949,0.000169748,0.000170006,0.000170264,0.000170521,0.000170777,0.000171031,0.000171283,0.000171532,0.000171779,0.000172021,0.00017226,0.000172495,0.000172725,0.000172951,0.000173171,0.000173387,0.000173597,0.000173801,0.000174,0.000174193,0.00017438,0.000174561,0.000174735,0.000174904,0.000175066,0.000175223,0.000175373,0.000175517,0.000175654,0.000175786,0.000175911,0.000176031,0.000176144,0.000176252,0.000176354,0.00017645,0.00017654,0.000176625,0.000176705,0.000176779,0.000176847,0.000176911,0.000176969,0.000177023,0.000177071,0.000177115,0.000177154,0.000177188,0.000177218,0.000177244,0.000177266,0.000177283,0.000177296,0.000177305,0.00017731,0.000177312,0.00017731,0.000177304,0.000177295,0.000177283,0.000177268,0.000177249,0.000177227,0.000177203,0.000177176,0.000177146,0.000177114,0.000177079,0.000177042,0.000177003,0.000176962,0.000176919,0.000176875,0.000176829,0.000176782,0.000176734,0.000176686,0.000176636,0.000176586,0.000176537,0.000176487,0.000176437,0.000176388,0.00017634,0.000176293,0.000176247,0.000176203,0.00017616,0.000176119,0.000176081,0.000176044,0.000176011,0.000175979,0.00017595,0.000175924,0.000175901,0.000175879,0.000175861,0.000175845,0.000175831,0.000175819,0.000175809,0.000175801,0.000175794,0.000175788,0.000175783,0.000175779,0.000175775,0.000175771,0.000175768,0.000175764,0.000175759,0.000175755,0.000175749,0.000175744,0.000175738,0.000175733,0.000175728,0.000175725,0.000175722,0.000175723,0.000175726,0.000175733,0.000175746,0.000175764,0.000175791,0.000175826,0.000175871,0.000175928,0.000175999,0.000176085,0.000176187,0.000176309,0.00017645,0.000176614,0.000176802,0.000177017,0.000177259,0.000177532,0.000177836,0.000178175,0.00017855,0.000178964,0.000179419,0.000179917,0.000180462,0.000181055,0.0001817,0.0001824,0.000183158,0.00018398,0.000184868,0.000185829,0.000186867,0.000187988,0.000189199,0.000190508,0.000191923,0.000193454,0.000195109,0.000196902,0.000198845,0.000200952,0.000203239,0.000205722,0.000208423,0.00021136,0.000214558,0.000218042,0.000221839,0.00022598,0.000230495,0.00023542,0.000240789,0.000246641,0.000253012,0.000259941,0.000267461,0.000275605,0.000284394,0.00029384,0.000303937,0.000314656,0.00032593,0.000337652,0.00034965,0.000361678,0.000373388,0.000384313,0.000393838,0.000401172,0.000405329,0.000405108,0.000399084,0.000385619,0.000362898,0.000328986,0.000281938,0.000219928,0.000141431,4.54217E-5,-6.84113E-5,-0.00019946,-0.000346033,-0.000505244,-0.000673002,-0.000844084,-0.00101232,-0.00117089,-0.00131269,-0.0014308,-0.00151903,-0.00157239,-0.00158764,-0.00156359,-0.00150123,-0.00140365,-0.00127574,-0.0011238,-0.000954996,-0.000776923,-0.000597049,-0.000422218,-0.000258168,-0.000109165,2.21824E-5,0.000134907,0.000229467,0.000307403,0.000370933,0.000422566,0.000464788,0.00049985,0.000529655,0.00055574,0.000579297,0.00060122,0.000622159,0.000642566,0.000662751,0.000682924,0.000703228,0.000723762,0.000744595,0.000765774,0.000787335,0.000809307,0.000831717,0.000854592,0.000877958,0.000901844,0.00092628,0.0009513,0.000976941,0.00100325,0.00103027,0.00105806,0.00108668,0.00111619,0.00114669,0.00117824,0.00121097,0.00124497,0.00128037,0.00131732,0.00135597,0.00139652,0.00143918,0.0014842,0.00153186,0.0015825,0.00163653,0.00169443,0.00175679,0.00182433,0.00189799,0.00197897,null,null,null,null,null,null,null,null,null,null,null,null,null,null,null,null,null,null,null,null,null,null,null,null,null,null,null,null,null,null,null,null,null,null,null,null,null,null,null,null,null,null,null,null,null,null,null,null,null,null,null,null,null,null,null,null,null,null,null,null,null,null,null,null,null,null,null,null,null,null,null,null,null,null,null,null,null,null,null,null,null,null,null,null,null,null,null,null,null,null,null,null,null,null,null,null,null,null,null,null,null,null,null,null,null,null,null,null,null,null,null,null,null,null,null,null,null,null,null,null,null,null,null,null,null,null,null,null,null,null,null,null,null,null,null,null,null,null,null,null,null,null,null,null,null,null,null,null,null,null,null,null,null,null,null,null,null,null,null,null,null,null,null,null,null,null,null,null,null,null,null,null,null,null,null,null,null,null,null,null,null,null,null,null,null,null,null,null,null,null,null,null,null,null,null,null,null,null,null,null,null,null,null,null,null,null,null,null,null,null,null,null,null,null,null,null,null,null,null,null,null,null,null,null,null,null,null,null,null,null,null,null,null,null,null,null,null,null,null,null,null,null,null,null,null,null,null,null,null,null,null,null,null,null,null,null,null,null,null,null,null,null,null,null,null,null,null,null,null,null,null,null,null,null,null,null,null,null,null,null,null,null,null,null,null,null,null,null,null,null,null,null,null,null,null,null,null,null,null,null,null,null,null,null,null,null,null,null,null,null,null,null,null,null,null,null,null,null,null,null,null,null,null,null,null,null,null,null,null,null,null,null,null,null,null,null,null,null,null,null,null,null,null,null,null,null,null,null,null,null,null,null,null,null,null,null,null,null,null,null,null,null,null,null,null,null,null,null,null,null,null,null,null,null,null,null,null,null,null,null,null,null,null,null,null,null,null,null,null,null,null,null,null,null,null,null,null,null,null,null,null,null,null,null,null,null,null,null,null,null,null,null,null,null,null,null,null,null,null,null,null,null,null,null,null,null,null,null,null,null,null,null,null,null,null,null,null,null,null,null,null,null,null,null,null,null,null,null,null,null,null,null,null,null,null,null,null,null,null,null,null,null,null,null,null,null,null,null,null,null,null,null,null,null,null,null,null,null,null,null,null,null,null,null,null,null,null,null,null,null,null,null,null,null,null,null,null,null,null,null,null,null,null,null,null,null,null,null,