{"radius":35,"P_v":[0.000173106,0.000173106,0.000173106,0.000173106,0.000173106,0.000173106,0.000173106,0.000173106,0.000173106,0.000173106,0.000173106,0.000173106,0.000173105,0.000173105,0.000173105,0.000173104,0.000173104,0.000173103,0.000173103,0.000173102,0.000173101,0.0001731,0.000173098,0.000173096,0.000173093,0.000173087,0.000173079,0.000173067,0.000173049,0.000173024,0.000172992,0.00017295,0.000172898,0.000172837,0.000172766,0.000172686,0.000172599,0.000172507,0.000172412,0.000172319,0.00017223,0.000172149,0.000172079,0.000172024,0.000171987,0.000171969,0.000171973,0.000171998,0.000172046,0.000172113,0.000172199,0.000172301,0.000172415,0.000172535,0.000172659,0.00017278,0.000172894,0.000172995,0.000173079,0.00017314,0.000173174,0.000173178,0.000173148,0.000173081,0.000172976,0.000172831,0.000172646,0.00017242,0.000172154,0.000171848,0.000171504,0.000171124,0.00017071,0.000170263,0.000169787,0.000169284,0.000168757,0.000168209,0.000167643,0.000167063,0.00016647,0.000165867,0.000165259,0.000164646,0.000164033,0.000163421,0.000162812,0.000162209,0.000161614,0.000161028,0.000160453,0.000159891,0.000159343,0.000158811,0.000158294,0.000157794,0.000157312,0.000156847,0.000156402,0.000155975,0.000155567,0.000155178,0.000154808,0.000154456,0.000154123,0.000153809,0.000153511,0.000153231,0.000152968,0.000152721,0.00015249,0.000152273,0.000152071,0.000151882,0.000151706,0.000151542,0.00015139,0.000151248,0.000151117,0.000150994,0.000150881,0.000150775,0.000150676,0.000150583,0.000150496,0.000150414,0.000150336,0.000150262,0.00015019,0.000150121,0.000150053,0.000149987,0.00014992,0.000149854,0.000149786,0.000149718,0.000149648,0.000149575,0.0001495,0.000149423,0.000149342,0.000149257,0.000149169,0.000149077,0.000148981,0.000148881,0.000148776,0.000148668,0.000148555,0.000148438,0.000148317,0.000148192,0.000148063,0.000147931,0.000147795,0.000147656,0.000147515,0.000147371,0.000147224,0.000147076,0.000146926,0.000146775,0.000146623,0.00014647,0.000146318,0.000146165,0.000146013,0.000145862,0.000145713,0.000145565,0.000145419,0.000145276,0.000145135,0.000144997,0.000144863,0.000144732,0.000144605,0.000144483,0.000144365,0.000144252,0.000144144,0.000144041,0.000143943,0.000143851,0.000143765,0.000143685,0.000143611,0.000143543,0.000143482,0.000143427,0.000143378,0.000143336,0.000143301,0.000143272,0.000143249,0.000143234,0.000143225,0.000143222,0.000143226,0.000143236,0.000143252,0.000143275,0.000143304,0.000143338,0.000143379,0.000143425,0.000143476,0.000143532,0.000143594,0.00014366,0.000143732,0.000143807,0.000143886,0.00014397,0.000144057,0.000144148,0.000144241,0.000144338,0.000144437,0.000144539,0.000144643,0.000144749,0.000144856,0.000144965,0.000145075,0.000145186,0.000145298,0.00014541,0.000145522,0.000145634,0.000145746,0.000145858,0.00014597,0.00014608,0.00014619,0.000146298,0.000146405,0.000146511,0.000146615,0.000146718,0.000146819,0.000146918,0.000147015,0.00014711,0.000147203,0.000147294,0.000147382,0.000147468,0.000147552,0.000147634,0.000147713,0.000147789,0.000147863,0.000147935,0.000148004,0.000148071,0.000148135,0.000148197,0.000148256,0.000148313,0.000148368,0.00014842,0.00014847,0.000148518,0.000148563,0.000148606,0.000148647,0.000148686,0.000148723,0.000148758,0.000148792,0.000148823,0.000148852,0.000148879,0.000148905,0.000148929,0.000148952,0.000148973,0.000148992,0.00014901,0.000149026,0.000149042,0.000149055,0.000149068,0.000149079,0.000149089,0.000149098,0.000149106,0.000149113,0.000149119,0.000149124,0.000149128,0.000149132,0.000149134,0.000149136,0.000149137,0.000149137,0.000149137,0.000149136,0.000149134,0.000149132,0.000149129,0.000149126,0.000149122,0.000149118,0.000149113,0.000149108,0.000149103,0.000149097,0.000149091,0.000149085,0.000149078,0.000149071,0.000149064,0.000149056,0.000149049,0.000149041,0.000149033,0.000149025,0.000149016,0.000149008,0.000148999,0.00014899,0.000148981,0.000148972,0.000148963,0.000148954,0.000148944,0.000148935,0.000148926,0.000148916,0.000148907,0.000148897,0.000148887,0.000148878,0.000148868,0.000148858,0.000148848,0.000148839,0.000148829,0.000148819,0.000148809,0.000148799,0.00014879,0.00014878,0.00014877,0.00014876,0.00014875,0.000148741,0.000148731,0.000148721,0.000148711,0.000148702,0.000148692,0.000148682,0.000148673,0.000148663,0.000148653,0.000148644,0.000148634,0.000148625,0.000148615,0.000148605,0.000148596,0.000148586,0.000148577,0.000148568,0.000148558,0.000148549,0.000148539,0.00014853,0.000148521,0.000148511,0.000148502,0.000148493,0.000148483,0.000148474,0.000148465,0.000148456,0.000148447,0.000148437,0.000148428,0.000148419,0.00014841,0.000148401,0.000148392,0.000148383,0.000148374,0.000148365,0.000148356,0.000148347,0.000148338,0.000148329,0.00014832,0.000148311,0.000148302,0.000148293,0.000148284,0.000148275,0.000148266,0.000148258,0.000148249,0.00014824,0.000148231,0.000148222,0.000148213,0.000148204,0.000148196,0.000148187,0.000148178,0.000148169,0.00014816,0.000148151,0.000148143,0.000148134,0.000148125,0.000148116,0.000148107,0.000148098,0.00014809,0.000148081,0.000148072,0.000148063,0.000148054,0.000148046,0.000148037,0.000148028,0.000148019,0.00014801,0.000148001,0.000147992,0.000147984,0.000147975,0.000147966,0.000147957,0.000147948,0.000147939,0.00014793,0.000147921,0.000147912,0.000147903,0.000147894,0.000147885,0.000147876,0.000147867,0.000147858,0.000147849,0.00014784,0.000147831,0.000147822,0.000147813,0.000147804,0.000147795,0.000147786,0.000147777,0.000147768,0.000147758,0.000147749,0.00014774,0.000147731,0.000147721,0.000147712,0.000147703,0.000147694,0.000147684,0.000147675,0.000147666,0.000147656,0.000147647,0.000147637,0.000147628,0.000147619,0.000147609,0.0001476,0.00014759,0.00014758,0.000147571,0.000147561,0.000147552,0.000147542,0.000147532,0.000147523,0.000147513,0.000147503,0.000147494,0.000147484,0.000147474,0.000147464,0.000147454,0.000147445,0.000147435,0.000147425,0.000147415,0.000147405,0.000147395,0.000147385,0.000147375,0.000147365,0.000147355,0.000147345,0.000147335,0.000147324,0.000147314,0.000147304,0.000147294,0.000147284,0.000147273,0.000147263,0.000147253,0.000147242,0.000147232,0.000147222,0.000147211,0.000147201,0.000147191,0.00014718,0.00014717,0.000147159,0.000147149,0.000147138,0.000147128,0.000147117,0.000147106,0.000147096,0.000147085,0.000147074,0.000147064,0.000147053,0.000147042,0.000147032,0.000147021,0.00014701,0.000147,0.000146989,0.000146978,0.000146967,0.000146956,0.000146946,0.000146935,0.000146924,0.000146913,0.000146902,0.000146892,0.000146881,0.00014687,0.000146859,0.000146848,0.000146837,0.000146826,0.000146815,0.000146805,0.000146794,0.000146783,0.000146772,0.000146761,0.00014675,0.000146739,0.000146728,0.000146718,0.000146707,0.000146696,0.000146685,0.000146674,0.000146663,0.000146653,0.000146642,0.000146631,0.00014662,0.000146609,0.000146599,0.000146588,0.000146577,0.000146567,0.000146556,0.000146545,0.000146535,0.000146524,0.000146513,0.000146503,0.000146492,0.000146482,0.000146471,0.000146461,0.00014645,0.00014644,0.00014643,0.000146419,0.000146409,0.000146399,0.000146388,0.000146378,0.000146368,0.000146358,0.000146348,0.000146337,0.000146327,0.000146317,0.000146307,0.000146298,0.000146288,0.000146278,0.000146268,0.000146258,0.000146248,0.000146239,0.000146229,0.00014622,0.00014621,0.000146201,0.000146191,0.000146182,0.000146172,0.000146163,0.000146154,0.000146145,0.000146136,0.000146127,0.000146117,0.000146109,0.0001461,0.000146091,0.000146082,0.000146073,0.000146065,0.000146056,0.000146047,0.000146039,0.00014603,0.000146022,0.000146014,0.000146005,0.000145997,0.000145989,0.000145981,0.000145973,0.000145965,0.000145957,0.000145949,0.000145941,0.000145934,0.000145926,0.000145918,0.000145911,0.000145904,0.000145896,0.000145889,0.000145882,0.000145874,0.000145867,0.00014586,0.000145853,0.000145846,0.000145839,0.000145833,0.000145826,0.000145819,0.000145813,0.000145806,0.0001458,0.000145793,0.000145787,0.000145781,0.000145774,0.000145768,0.000145762,0.000145756,0.00014575,0.000145744,0.000145739,0.000145733,