{"radius":30,"P_v":[0.000173115,0.000173114,0.000173113,0.000173111,0.000173109,0.000173107,0.000173103,0.0001731,0.000173095,0.000173089,0.000173081,0.000173071,0.000173058,0.000173041,0.000173018,0.000172986,0.000172943,0.000172885,0.00017281,0.000172717,0.000172605,0.000172475,0.000172331,0.000172176,0.000172018,0.000171864,0.000171722,0.000171601,0.000171507,0.000171448,0.000171426,0.000171443,0.000171497,0.000171583,0.000171694,0.000171819,0.000171946,0.000172062,0.000172154,0.000172207,0.00017221,0.000172153,0.000172028,0.000171827,0.000171549,0.00017119,0.000170753,0.00017024,0.000169657,0.000169009,0.000168305,0.000167553,0.000166762,0.000165943,0.000165104,0.000164256,0.000163408,0.000162569,0.000161749,0.000160954,0.000160192,0.00015947,0.000158793,0.000158166,0.000157592,0.000157076,0.000156617,0.000156219,0.000155882,0.000155604,0.000155386,0.000155225,0.00015512,0.000155068,0.000155066,0.000155111,0.000155199,0.000155326,0.000155489,0.000155684,0.000155908,0.000156155,0.000156423,0.000156709,0.000157008,0.000157318,0.000157635,0.000157956,0.00015828,0.000158603,0.000158924,0.000159239,0.000159548,0.000159849,0.00016014,0.000160421,0.00016069,0.000160946,0.000161191,0.000161423,0.000161642,0.00016185,0.000162046,0.000162232,0.000162408,0.000162575,0.000162735,0.000162888,0.000163035,0.000163178,0.000163317,0.000163452,0.000163584,0.000163713,0.000163839,0.000163961,0.000164079,0.000164192,0.000164298,0.000164397,0.000164487,0.000164565,0.000164632,0.000164685,0.000164723,0.000164745,0.000164749,0.000164736,0.000164705,0.000164656,0.000164588,0.000164504,0.000164403,0.000164287,0.000164159,0.00016402,0.000163872,0.000163718,0.000163561,0.000163403,0.000163247,0.000163097,0.000162955,0.000162824,0.000162707,0.000162606,0.000162524,0.000162463,0.000162425,0.000162412,0.000162424,0.000162463,0.00016253,0.000162625,0.000162748,0.000162899,0.000163077,0.000163282,0.000163513,0.000163768,0.000164046,0.000164346,0.000164667,0.000165006,0.000165362,0.000165735,0.000166122,0.000166522,0.000166935,0.000167358,0.000167793,0.000168236,0.000168689,0.000169149,0.000169618,0.000170093,0.000170575,0.000171063,0.000171556,0.000172053,0.000172553,0.000173055,0.000173557,0.000174058,0.000174557,0.000175052,0.00017554,0.00017602,0.00017649,0.000176948,0.000177392,0.000177819,0.00017823,0.000178621,0.000178991,0.00017934,0.000179666,0.000179969,0.000180249,0.000180505,0.000180738,0.000180949,0.000181139,0.000181309,0.00018146,0.000181595,0.000181716,0.000181824,0.000181923,0.000182014,0.0001821,0.000182183,0.000182267,0.000182353,0.000182443,0.00018254,0.000182646,0.000182761,0.000182889,0.000183029,0.000183184,0.000183354,0.00018354,0.000183742,0.000183962,0.0001842,0.000184456,0.000184731,0.000185027,0.000185343,0.000185681,0.000186043,0.00018643,0.000186845,0.00018729,0.00018777,0.000188288,0.00018885,0.000189462,0.000190132,0.000190867,0.000191678,0.000192577,0.000193577,0.000194694,0.000195946,0.000197355,0.000198943,0.000200737,0.00020277,0.000205076,0.000207694,0.000210671,0.000214058,0.000217911,0.000222294,0.000227279,0.000232943,0.00023937,0.000246649,0.000254871,0.000264124,0.000274489,0.000286023,0.000298747,0.000312623,0.000327514,0.000343147,0.000359049,0.000374473,0.000388311,0.000399004,0.000404445,0.000401921,0.000388104,0.000359141,0.000310871,0.000239218,0.000140743,1.33323E-5,-0.000143067,-0.000325806,-0.000529133,-0.000744147,-0.000959203,-0.00116073,-0.00133444,-0.00146679,-0.00154666,-0.00156687,-0.00152527,-0.00142508,-0.00127436,-0.00108477,-0.00087014,-0.000644934,-0.000422842,-0.000215436,-3.11027E-5,0.000125514,0.000253393,0.000354436,0.000432428,0.000491989,0.000537713,0.000573623,0.000602943,0.000628095,0.000650824,0.000672341,0.000693457,0.000714705,0.000736434,0.000758884,0.000782232,0.000806608,0.000832116,0.000858846,0.000886882,0.000916298,0.000947167,0.000979557,0.00101354,0.00104917,0.00108653,0.00112569,0.0011667,0.00120964,0.0012546,0.00130165,0.00135088,0.00140239,0.0014563,0.00151275,0.00157189,0.00163389,0.00169897,0.00176741,0.0018395,0.00191563,0.00199628,0.00208204,0.00217366,0.00227208,0.00237858,0.00249485,null,null,null,null,null,null,null,null,null,null,null,null,null,null,null,null,null,null,null,null,null,null,null,null,null,null,null,null,null,null,null,null,null,null,null,null,null,null,null,null,null,null,null,null,null,null,null,null,null,null,null,null,null,null,null,null,null,null,null,null,null,null,null,null,null,null,null,null,null,null,null,null,null,null,null,null,null,null,null,null,null,null,null,null,null,null,null,null,null,null,null,null,null,null,null,null,null,null,null,null,null,null,null,null,null,null,null,null,null,null,null,null,null,null,null,null,null,null,null,null,null,null,null,null,null,null,null,null,null,null,null,null,null,null,null,null,null,null,null,null,null,null,null,null,null,null,null,null,null,null,null,null,null,null,null,null,null,null,null,null,null,null,null,null,null,null,null,null,null,null,null,null,null,null,null,null,null,null,null,null,null,null,null,null,null,null,null,null,null,null,null,null,null,null,null,null,null,null,null,null,null,null,null,null,null,null,null,null,null,null,null,null,null,null,null,null,null,null,null,null,null,null,null,null,null,null,null,null,null,null,null,null,null,null,null,null,null,null,null,null,null,null,null,null,null,null,null,null,null,null,null,null,null,null,null,null,null,null,null,null,null,null,null,null,null,null,null,null,null,null,null,null,null,null,null,null,null,null,null,null,null,null,null,null,null,null,null,null,null,null,null,null,null,null,null,null,null,null,null,null,null,null,null,null,null,null,null,null,null,null,null,null,null,null,null,null,null,null,null,null,null,null,null,null,null,null,null,null,null,null,null,null,null,null,null,null,null,null,null,null,null,null,null,null,null,null,null,null,null,null,null,null,null,null,null,null,null,null,null,null,null,null,null,null,null,null,null,null,null,null,null,null,null,null,null,null,null,null,null,null,null,null,null,null,null,null,null,null,null,null,null,null,null,null,null,null,null,null,null,null,null,null,null,null,null,null,null,null,null,null,null,null,null,null,null,null,null,null,null,null,null,null,null,null,null,null,null,null,null,null,null,null,null,null,null,null,null,null,null,null,null,null,null,null,null,null,null,null,null,null,null,null,null,null,null,null,null,null,null,null,null,null,null,null,null,null,null,null,null,null,null,null,null,null,null,null,null,null,null,null,null,null,null,null,null,null,null,null,null,null,null,null,null,null,null,null,null,null,null,null,null,null,null,null,null,null,null,null,null,null,null,null,null,null,null,null,null,null,null,null,null,null,null,null,null,null,null,null,null,null,null,null,null,null,null,null,null,null,null,null,null,null,null,null,null,null,null,null,null,null,null,null,null,null,null,null,null,null,null,null,null,null,null,null,null,null,null,null,null,null,null,null,null,null,null,null,null,null,null,null,null,null,null,null,null,null,null,null,null,null,null,null,null,null,null,null,null,null,null,null,null,null,null,null,null,null,null,null,null,null,null,null,null,null,null,null,null,null,null,null,null,null,null,null,null,null,null,null,null,null,null,null,null,null,null,null,null,null,null,null,null,null,null,null,null,null,null,null,null,null,null,null,null,null],"P_inf":0.0028983319016612774,"S":0.02193,"nu_l":0.16666666666666666,"rho_l":0.34,"r_inf":56.000000000000007}