{"radius":20,"P_v":[0.000198171,0.000195756,0.000193639,0.000191881,0.000190508,0.000189511,0.000188847,0.000188444,0.000188211,0.000188047,0.000187851,0.000187525,0.000186984,0.000186156,0.000184989,0.000183454,0.000181546,0.000179287,0.000176724,0.000173926,0.000170975,0.000167963,0.000164984,0.000162126,0.000159469,0.000157078,0.000155003,0.000153278,0.000151921,0.000150933,0.000150305,0.000150013,0.000150029,0.000150317,0.000150838,0.000151554,0.000152426,0.000153417,0.000154493,0.000155625,0.000156786,0.000157956,0.000159115,0.000160249,0.000161347,0.000162402,0.000163406,0.000164357,0.000165253,0.000166094,0.00016688,0.000167613,0.000168295,0.00016893,0.00016952,0.000170069,0.00017058,0.000171056,0.000171501,0.000171918,0.000172311,0.000172682,0.000173034,0.00017337,0.000173693,0.000174005,0.000174308,0.000174604,0.000174895,0.000175183,0.000175469,0.000175755,0.000176042,0.000176331,0.000176623,0.000176919,0.000177219,0.000177524,0.000177835,0.000178152,0.000178475,0.000178806,0.000179144,0.000179491,0.000179845,0.000180209,0.000180583,0.000180967,0.000181362,0.000181768,0.000182187,0.000182619,0.000183066,0.000183527,0.000184005,0.000184501,0.000185015,0.000185549,0.000186105,0.000186685,0.00018729,0.000187923,0.000188587,0.000189285,0.00019002,0.000190796,0.000191616,0.000192486,0.00019341,0.00019439,0.000195433,0.000196541,0.000197718,0.000198967,0.000200289,0.000201687,0.000203159,0.000204707,0.000206328,0.00020802,0.000209781,0.000211607,0.000213496,0.000215443,0.000217445,0.0002195,0.000221606,0.000223761,0.000225965,0.000228221,0.000230531,0.000232901,0.000235336,0.000237847,0.000240443,0.000243139,0.000245948,0.000248888,0.000251976,0.000255233,0.00025868,0.00026234,0.000266233,0.000270384,0.000274813,0.000279541,0.000284587,0.000289967,0.000295693,0.000301772,0.000308204,0.000314984,0.000322096,0.000329513,0.000337196,0.000345089,0.000353119,0.000361189,0.00036918,0.000376942,0.000384293,0.000391012,0.000396838,0.000401461,0.000404524,0.000405614,0.00040426,0.000399938,0.000392067,0.000380013,0.000363101,0.000340624,0.000311861,0.000276099,0.000232659,0.000180934,0.000120421,5.07667E-5,-2.81899E-5,-0.000116375,-0.000213437,-0.000318718,-0.000431223,-0.000549609,-0.000672191,-0.000796954,-0.000921589,-0.00104355,-0.00116011,-0.00126848,-0.00136586,-0.00144961,-0.0015173,-0.00156692,-0.0015969,-0.00160625,-0.00159464,-0.00156235,-0.00151034,-0.00144012,-0.00135375,-0.00125368,-0.00114271,-0.0010238,-0.000900044,-0.00077447,-0.000649971,-0.000529171,-0.000414326,-0.000307242,-0.000209232,-0.000121097,-4.31515E-5,2.4724E-5,8.3006E-5,0.000132436,0.000173926,0.000208471,0.000237076,0.000260704,0.000280236,0.000296461,0.00031006,0.000321616,0.000331614,0.000340451,0.000348448,0.000355862,0.000362901,0.000369733,0.000376497,0.000383311,0.00039027,0.000397456,0.000404935,0.000412768,0.000421006,0.000429699,0.000438893,0.000448632,0.000458953,0.000469893,0.00048148,0.000493744,0.000506712,0.000520408,0.000534858,0.000550087,0.000566117,0.000582966,0.000600651,0.00061919,0.0006386,0.000658904,0.000680125,0.000702286,0.000725411,0.000749527,0.000774664,0.000800859,0.000828158,0.00085661,0.000886272,0.000917208,0.000949492,0.000983211,0.00101847,0.00105538,0.0010941,0.00113476,0.00117757,0.00122275,0.00127057,0.00132136,0.00137551,0.00143351,0.00149601,null,null,null,null,null,null,null,null,null,null,null,null,null,null,null,null,null,null,null,null,null,null,null,null,null,null,null,null,null,null,null,null,null,null,null,null,null,null,null,null,null,null,null,null,null,null,null,null,null,null,null,null,null,null,null,null,null,null,null,null,null,null,null,null,null,null,null,null,null,null,null,null,null,null,null,null,null,null,null,null,null,null,null,null,null,null,null,null,null,null,null,null,null,null,null,null,null,null,null,null,null,null,null,null,null,null,null,null,null,null,null,null,null,null,null,null,null,null,null,null,null,null,null,null,null,null,null,null,null,null,null,null,null,null,null,null,null,null,null,null,null,null,null,null,null,null,null,null,null,null,null,null,null,null,null,null,null,null,null,null,null,null,null,null,null,null,null,null,null,null,null,null,null,null,null,null,null,null,null,null,null,null,null,null,null,null,null,null,null,null,null,null,null,null,null,null,null,null,null,null,null,null,null,null,null,null,null,null,null,null,null,null,null,null,null,null,null,null,null,null,null,null,null,null,null,null,null,null,null,null,null,null,null,null,null,null,null,null,null,null,null,null,null,null,null,null,null,null,null,null,null,null,null,null,null,null,null,null,null,null,null,null,null,null,null,null,null,null,null,null,null,null,null,null,null,null,null,null,null,null,null,null,null,null,null,null,null,null,null,null,null,null,null,null,null,null,null,null,null,null,null,null,null,null,null,null,null,null,null,null,null,null,null,null,null,null,null,null,null,null,null,null,null,null,null,null,null,null,null,null,null,null,null,null,null,null,null,null,null,null,null,null,null,null,null,null,null,null,null,null,null,null,null,null,null,null,null,null,null,null,null,null,null,null,null,null,null,null,null,null,null,null,null,null,null,null,null,null,null,null,null,null,null,null,null,null,null,null,null,null,null,null,null,null,null,null,null,null,null,null,null,null,null,null,null,null,null,null,null,null,null,null,null,null,null,null,null,null,null,null,null,null,null,null,null,null,null,null,null,null,null,null,null,null,null,null,null,null,null,null,null,null,null,null,null,null,null,null,null,null,null,null,null,null,null,null,null,null,null,null,null,null,null,null,null,null,null,null,null,null,null,null,null,null,null,null,null,null,null,null,null,null,null,null,null,null,null,null,null,null,null,null,null,null,null,null,null,null,null,null,null,null,null,null,null,null,null,null,null,null,null,null,null,null,null,null,null,null,null,null,null,null,null,null,null,null,null,null,null,null,null,null,null,null,null,null,null,null,null,null,null,null,null,null,null,null,null,null,null,null,null,null,null,null,null,null,null,null,null,null,null,null,null,null,null,null,null,null,null,null,null,null,null,null,null,null,null,null,null,null,null,null,null,null,null,null,null,null,null,null,null,null,null,null,null,null,null,null,null,null,null,null,null,null,null,null,null,null,null,null,null,null,null,null,null,null,null,null,null,null,null,null,null,null,null,null,null,null,null,null,null,null,null,null,null,null,null,null,null,null,null,null,null,null,null,null,null,null,null,null,null,null,null,null,null,null,null,null,null,null,null,null,null,null,null,null,null,null,null,null,null,null,null,null,null,null,null,null,null,null,null,null,null,null,null,null,null,null,null,null,null,null,null,null,null,null,null,null,null,null,null,null,null,null,null,null,null,null,null,null,null,null,null,null,null,null,null,null,null,null,null,null,null],"P_inf":0.0028983319016612774,"S":0.02193,"nu_l":0.16666666666666666,"rho_l":0.34,"r_inf":56.000000000000007}