{"radius":30,"P_v":[0.000173114,0.000173113,0.000173112,0.000173111,0.000173109,0.000173107,0.000173104,0.0001731,0.000173096,0.00017309,0.000173083,0.000173074,0.000173063,0.000173048,0.000173027,0.000172998,0.000172959,0.000172907,0.000172838,0.000172752,0.000172647,0.000172524,0.000172385,0.000172235,0.000172078,0.000171921,0.000171772,0.000171639,0.000171529,0.000171449,0.000171406,0.000171404,0.000171445,0.000171529,0.000171655,0.000171819,0.000172013,0.000172231,0.000172464,0.0001727,0.00017293,0.000173142,0.000173327,0.000173475,0.000173577,0.000173626,0.000173616,0.000173543,0.000173405,0.000173199,0.000172926,0.000172587,0.000172185,0.000171723,0.000171204,0.000170635,0.000170019,0.000169363,0.000168672,0.000167952,0.000167209,0.000166448,0.000165675,0.000164896,0.000164115,0.000163337,0.000162566,0.000161807,0.000161063,0.000160336,0.000159631,0.00015895,0.000158294,0.000157666,0.000157066,0.000156496,0.000155956,0.000155447,0.000154969,0.000154522,0.000154106,0.000153719,0.000153362,0.000153033,0.000152731,0.000152455,0.000152204,0.000151976,0.000151771,0.000151586,0.00015142,0.000151273,0.000151141,0.000151025,0.000150922,0.000150832,0.000150753,0.000150683,0.000150623,0.00015057,0.000150523,0.000150482,0.000150446,0.000150414,0.000150384,0.000150357,0.000150331,0.000150305,0.00015028,0.000150255,0.000150229,0.000150202,0.000150174,0.000150144,0.000150112,0.000150078,0.000150042,0.000150004,0.000149965,0.000149923,0.00014988,0.000149835,0.000149788,0.000149741,0.000149692,0.000149643,0.000149592,0.000149542,0.000149491,0.00014944,0.000149389,0.000149338,0.000149287,0.000149235,0.000149184,0.000149132,0.00014908,0.000149027,0.000148973,0.000148918,0.000148861,0.000148802,0.000148741,0.000148677,0.000148609,0.000148538,0.000148463,0.000148383,0.000148298,0.000148208,0.000148112,0.000148011,0.000147903,0.000147788,0.000147667,0.000147539,0.000147405,0.000147263,0.000147115,0.00014696,0.000146798,0.00014663,0.000146456,0.000146276,0.00014609,0.0001459,0.000145705,0.000145507,0.000145304,0.000145099,0.000144892,0.000144682,0.000144472,0.000144261,0.00014405,0.000143841,0.000143632,0.000143426,0.000143223,0.000143023,0.000142827,0.000142635,0.000142449,0.000142268,0.000142094,0.000141926,0.000141765,0.000141611,0.000141466,0.000141328,0.000141199,0.000141078,0.000140965,0.000140862,0.000140767,0.000140681,0.000140604,0.000140535,0.000140476,0.000140424,0.00014038,0.000140345,0.000140317,0.000140296,0.000140282,0.000140274,0.000140271,0.000140275,0.000140283,0.000140295,0.000140311,0.00014033,0.000140351,0.000140374,0.000140398,0.000140423,0.000140448,0.000140472,0.000140495,0.000140516,0.000140535,0.000140551,0.000140564,0.000140572,0.000140577,0.000140576,0.000140571,0.00014056,0.000140544,0.000140522,0.000140493,0.000140459,0.000140418,0.00014037,0.000140316,0.000140256,0.000140189,0.000140115,0.000140036,0.00013995,0.000139858,0.000139761,0.000139658,0.00013955,0.000139436,0.000139318,0.000139196,0.000139069,0.000138938,0.000138805,0.000138667,0.000138528,0.000138385,0.000138241,0.000138095,0.000137947,0.000137798,0.000137649,0.0001375,0.00013735,0.000137201,0.000137053,0.000136905,0.00013676,0.000136616,0.000136475,0.000136335,0.000136199,0.000136066,0.000135935,0.000135808,0.000135684,0.000135564,0.000135446,0.000135332,0.000135221,0.000135112,0.000135005,0.000134901,0.000134798,0.000134696,0.000134595,0.000134495,0.000134396,0.000134297,0.000134198,0.000134099,0.000134001,0.000133903,0.000133808,0.000133714,0.000133624,0.000133538,0.000133458,0.000133385,0.000133322,0.000133269,0.00013323,0.000133207,0.000133202,0.000133218,0.000133258,0.000133324,0.000133418,0.000133545,0.000133705,0.000133902,0.000134138,0.000134414,0.000134732,0.000135095,0.000135501,0.000135953,0.00013645,0.000136992,0.000137578,0.000138207,0.000138878,0.000139587,0.000140333,0.000141112,0.000141922,0.000142758,0.000143616,0.000144493,0.000145385,0.000146285,0.000147191,0.000148098,0.000149,0.000149894,0.000150775,0.000151639,0.000152482,0.0001533,0.00015409,0.000154849,0.000155573,0.000156261,0.00015691,0.000157518,0.000158084,0.000158607,0.000159086,0.000159521,0.000159911,0.000160258,0.000160562,0.000160824,0.000161046,0.000161228,0.000161373,0.000161483,0.000161561,0.000161609,0.000161629,0.000161625,0.0001616,0.000161557,0.000161499,0.00016143,0.000161353,0.000161271,0.000161188,0.000161107,0.000161032,0.000160965,0.000160911,0.000160871,0.000160848,0.000160846,0.000160867,0.000160913,0.000160985,0.000161087,0.000161219,0.000161382,0.000161578,0.000161807,0.000162069,0.000162365,0.000162694,0.000163057,0.000163451,0.000163876,0.000164331,0.000164814,0.000165323,0.000165857,0.000166412,0.000166988,0.000167581,0.00016819,0.00016881,0.00016944,0.000170077,0.000170718,0.00017136,0.000172002,0.00017264,0.000173272,0.000173895,0.000174508,0.000175108,0.000175694,0.000176263,0.000176815,0.000177347,0.00017786,0.000178351,0.00017882,0.000179266,0.000179689,0.00018009,0.000180467,0.000180821,0.000181152,0.000181461,0.000181749,0.000182015,0.000182262,0.000182489,0.000182698,0.00018289,0.000183066,0.000183227,0.000183375,0.000183511,0.000183636,0.000183751,0.000183858,0.000183957,0.000184051,0.000184139,0.000184224,0.000184306,0.000184386,0.000184465,0.000184543,0.000184622,0.000184702,0.000184784,0.000184868,0.000184954,0.000185042,0.000185134,0.000185228,0.000185325,0.000185424,0.000185526,0.000185631,0.000185737,0.000185846,0.000185955,0.000186065,0.000186176,0.000186287,0.000186396,0.000186505,0.000186612,0.000186717,0.000186819,0.000186917,0.000187012,0.000187102,0.000187188,0.000187268,0.000187343,0.000187411,0.000187474,0.000187529,0.000187578,0.00018762,0.000187655,0.000187682,0.000187703,0.000187715,0.000187721,0.00018772,0.000187711,0.000187696,0.000187674,0.000187646,0.000187611,0.000187571,0.000187524,0.000187473,0.000187417,0.000187356,0.000187291,0.000187223,0.00018715,0.000187075,0.000186997,0.000186917,0.000186835,0.000186751,0.000186666,0.00018658,0.000186493,0.000186405,0.000186318,0.00018623,0.000186143,0.000186056,0.00018597,0.000185884,0.000185799,0.000185715,0.000185632,0.00018555,0.000185469,0.000185388,0.000185309,0.000185231,0.000185153,0.000185076,0.000184999,0.000184924,0.000184848,0.000184773,0.000184697,0.000184622,0.000184547,0.000184471,0.000184394,0.000184317,0.00018424,0.000184161,0.000184081,0.000184,0.000183917,0.000183833,0.000183748,0.000183661,0.000183572,0.000183481,0.000183388,0.000183294,0.000183197,0.000183099,0.000182998,0.000182896,0.000182791,0.000182685,0.000182577,0.000182466,0.000182354,0.000182241,0.000182125,0.000182008,0.00018189,0.00018177,0.000181649,0.000181526,0.000181403,0.000181279,0.000181153,0.000181028,0.000180901,0.000180774,0.000180647,0.000180519,0.000180392,0.000180264,0.000180137,0.000180009,0.000179883,0.000179756,0.00017963,0.000179505,0.00017938,0.000179256,0.000179133,0.000179011,0.000178889,0.000178769,0.00017865,0.000178532,0.000178415,0.000178299,0.000178185,0.000178071,0.000177959,0.000177848,0.000177738,0.00017763,0.000177523,0.000177417,0.000177312,0.000177208,0.000177106,0.000177005,0.000176905,0.000176806,0.000176708,0.000176612,0.000176516,0.000176422,0.000176329,0.000176237,0.000176146,0.000176055,0.000175966,0.000175878,0.000175791,0.000175705,0.00017562,0.000175536,0.000175453,0.000175371,0.00017529,0.000175209,0.00017513,0.000175052,0.000174974,0.000174898,0.000174822,0.000174748,0.000174674,0.000174601,0.00017453,0.000174459,0.000174389,0.00017432,0.000174252,0.000174185,0.000174119,0.000174054,0.00017399,0.000173927,0.000173865,0.000173803,0.000173743,0.000173683,0.000173625,0.000173567,0.00017351,0.000173454,0.000173399,0.000173345,0.000173291,0.000173238,0.000173186,0.000173135,0.000173084,0.000173034,0.000172985,0.000172936,0.000172888,0.000172841,0.000172794,0.000172747,0.000172702,0.000172656,0.000172611,0.000172567,0.000172522,0.000172479,0.000172435,0.000172392,0.000172349,0.000172306,0.000172264,0.000172222,0.00017218,0.000172138,0.000172096,0.000172055,0.000172013,0.000171972,