{"radius":20,"P_v":[0.000195943,0.000193725,0.000191761,0.000190118,0.000188834,0.000187913,0.00018733,0.000187032,0.000186947,0.000186997,0.000187104,0.000187192,0.000187199,0.000187071,0.000186766,0.000186255,0.000185518,0.000184549,0.000183348,0.000181928,0.000180306,0.000178509,0.000176569,0.000174521,0.000172401,0.000170247,0.000168096,0.000165981,0.000163932,0.000161976,0.000160134,0.000158423,0.000156855,0.000155438,0.000154175,0.000153067,0.000152111,0.000151301,0.000150629,0.000150087,0.000149664,0.000149349,0.00014913,0.000148997,0.000148937,0.000148941,0.000148998,0.000149098,0.000149233,0.000149395,0.000149576,0.000149771,0.000149973,0.000150177,0.00015038,0.000150578,0.000150767,0.000150946,0.000151112,0.000151264,0.0001514,0.000151521,0.000151626,0.000151715,0.000151787,0.000151843,0.000151884,0.00015191,0.000151923,0.000151922,0.000151908,0.000151883,0.000151847,0.0001518,0.000151745,0.00015168,0.000151606,0.000151525,0.000151436,0.00015134,0.000151236,0.000151126,0.000151008,0.000150883,0.000150751,0.000150612,0.000150466,0.000150312,0.000150151,0.000149983,0.000149808,0.000149626,0.000149437,0.000149242,0.00014904,0.000148832,0.000148618,0.000148399,0.000148175,0.000147948,0.000147716,0.000147482,0.000147245,0.000147007,0.000146768,0.000146529,0.00014629,0.000146053,0.000145817,0.000145584,0.000145355,0.00014513,0.00014491,0.000144696,0.000144487,0.000144286,0.000144091,0.000143905,0.000143728,0.00014356,0.000143402,0.000143254,0.000143117,0.000142992,0.000142879,0.000142778,0.000142691,0.000142617,0.000142558,0.000142514,0.000142484,0.00014247,0.000142471,0.000142488,0.000142521,0.00014257,0.000142635,0.000142715,0.000142809,0.000142919,0.000143042,0.000143177,0.000143325,0.000143485,0.000143654,0.000143832,0.000144018,0.00014421,0.000144407,0.000144608,0.000144811,0.000145014,0.000145218,0.000145419,0.000145618,0.000145811,0.000146,0.000146181,0.000146354,0.000146519,0.000146674,0.000146818,0.00014695,0.000147071,0.000147179,0.000147275,0.000147357,0.000147425,0.000147479,0.00014752,0.000147547,0.00014756,0.000147559,0.000147545,0.000147518,0.000147479,0.000147427,0.000147363,0.000147288,0.000147202,0.000147106,0.000147001,0.000146887,0.000146765,0.000146635,0.000146499,0.000146356,0.000146209,0.000146057,0.000145901,0.000145741,0.00014558,0.000145416,0.000145251,0.000145086,0.000144921,0.000144756,0.000144592,0.000144429,0.000144269,0.00014411,0.000143954,0.000143801,0.000143651,0.000143505,0.000143361,0.000143222,0.000143086,0.000142953,0.000142824,0.000142699,0.000142578,0.00014246,0.000142345,0.000142233,0.000142124,0.000142017,0.000141913,0.000141812,0.000141712,0.000141613,0.000141516,0.000141419,0.000141324,0.000141228,0.000141132,0.000141035,0.000140938,0.00014084,0.00014074,0.000140638,0.000140535,0.000140428,0.00014032,0.000140208,0.000140094,0.000139976,0.000139855,0.00013973,0.000139602,0.000139471,0.000139336,0.000139197,0.000139056,0.000138911,0.000138762,0.000138611,0.000138458,0.000138301,0.000138143,0.000137983,0.000137821,0.000137658,0.000137494,0.00013733,0.000137165,0.000137,0.000136836,0.000136673,0.000136512,0.000136351,0.000136193,0.000136037,0.000135883,0.000135732,0.000135584,0.000135439,0.000135297,0.000135159,0.000135024,0.000134893,0.000134765,0.000134641,0.000134521,0.000134405,0.000134292,0.000134183,0.000134078,0.000133975,0.000133877,0.000133781,0.000133688,0.000133598,0.000133511,0.000133427,0.000133345,0.000133266,0.000133189,0.000133113,0.00013304,0.000132969,0.000132899,0.000132832,0.000132765,0.000132701,0.000132638,0.000132576,0.000132516,0.000132457,0.0001324,0.000132345,0.00013229,0.000132238,0.000132187,0.000132138,0.000132091,0.000132046,0.000132002,0.000131961,0.000131922,0.000131885,0.00013185,0.000131818,0.000131788,0.000131761,0.000131736,0.000131714,0.000131694,0.000131678,0.000131664,0.000131653,0.000131645,0.000131639,0.000131637,0.000131637,0.000131639,0.000131645,0.000131653,0.000131663,0.000131676,0.000131691,0.000131708,0.000131728,0.000131749,0.000131772,0.000131797,0.000131824,0.000131851,0.00013188,0.00013191,0.000131941,0.000131973,0.000132005,0.000132038,0.000132071,0.000132104,0.000132137,0.00013217,0.000132204,0.000132237,0.00013227,0.000132303,0.000132336,0.000132368,0.000132401,0.000132434,0.000132467,0.000132499,0.000132532,0.000132564,0.000132595,0.000132626,0.000132656,0.000132684,0.000132711,0.000132736,0.000132758,0.000132777,0.000132794,0.000132807,0.000132816,0.000132822,0.000132823,0.000132821,0.000132816,0.000132808,0.000132798,0.000132787,0.000132775,0.000132766,0.00013276,0.000132759,0.000132766,0.000132784,0.000132814,0.00013286,0.000132926,0.000133013,0.000133127,0.000133269,0.000133445,0.000133656,0.000133907,0.000134199,0.000134537,0.000134923,0.000135358,0.000135844,0.000136383,0.000136976,0.000137622,0.000138321,0.000139072,0.000139873,0.000140723,0.000141618,0.000142555,0.00014353,0.000144539,0.000145578,0.00014664,0.000147722,0.000148817,0.00014992,0.000151026,0.000152128,0.00015322,0.000154299,0.000155357,0.000156391,0.000157395,0.000158365,0.000159297,0.000160187,0.000161032,0.000161828,0.000162574,0.000163267,0.000163906,0.000164489,0.000165016,0.000165487,0.000165901,0.00016626,0.000166563,0.000166813,0.000167011,0.000167159,0.000167259,0.000167313,0.000167326,0.000167299,0.000167237,0.000167142,0.000167018,0.00016687,0.000166701,0.000166515,0.000166316,0.000166109,0.000165897,0.000165686,0.000165478,0.000165278,0.00016509,0.000164918,0.000164766,0.000164636,0.000164533,0.000164459,0.000164418,0.000164411,0.000164441,0.00016451,0.00016462,0.000164772,0.000164967,0.000165205,0.000165487,0.000165813,0.000166182,0.000166593,0.000167046,0.000167538,0.000168067,0.000168633,0.000169232,0.000169861,0.000170518,0.0001712,0.000171903,0.000172624,0.00017336,0.000174108,0.000174863,0.000175622,0.000176382,0.000177139,0.000177891,0.000178634,0.000179365,0.000180081,0.00018078,0.000181459,0.000182116,0.000182749,0.000183357,0.000183938,0.000184491,0.000185016,0.00018551,0.000185974,0.000186408,0.000186812,0.000187186,0.00018753,0.000187845,0.000188132,0.000188391,0.000188624,0.000188832,0.000189017,0.000189179,0.00018932,0.000189442,0.000189546,0.000189633,0.000189706,0.000189766,0.000189814,0.000189853,0.000189882,0.000189905,0.000189922,0.000189934,0.000189943,0.000189949,0.000189955,0.00018996,0.000189965,0.000189972,0.00018998,0.000189991,0.000190004,0.00019002,0.000190039,0.000190061,0.000190087,0.000190115,0.000190147,0.000190181,0.000190217,0.000190255,0.000190295,0.000190337,0.000190378,0.00019042,0.000190462,0.000190503,0.000190542,0.000190579,0.000190613,0.000190645,0.000190673,0.000190696,0.000190716,0.00019073,0.000190739,0.000190742,0.000190739,0.000190729,0.000190714,0.000190691,0.000190662,0.000190626,0.000190583,0.000190533,0.000190476,0.000190412,0.000190341,0.000190265,0.000190181,0.000190092,0.000189997,0.000189897,0.000189791,0.000189681,0.000189566,0.000189447,0.000189324,0.000189197,0.000189068,0.000188936,0.000188802,0.000188666,0.000188528,0.00018839,0.00018825,0.00018811,0.000187969,0.000187829,0.000187689,0.00018755,0.000187411,0.000187273,0.000187136,0.000187001,0.000186867,0.000186734,0.000186603,0.000186474,0.000186346,0.00018622,0.000186095,0.000185972,0.00018585,0.00018573,0.000185611,0.000185493,0.000185376,0.00018526,0.000185144,0.00018503,0.000184915,0.000184801,0.000184687,0.000184573,0.000184459,0.000184345,0.00018423,0.000184114,0.000183997,0.00018388,0.000183761,0.000183641,0.00018352,0.000183398,0.000183274,0.000183149,0.000183022,0.000182894,0.000182764,0.000182632,0.000182499,0.000182364,0.000182228,0.00018209,0.000181951,0.000181811,0.000181669,0.000181526,0.000181382,0.000181237,0.000181092,0.000180945,0.000180798,0.000180651,0.000180503,0.000180355,0.000180207,0.000180059,0.000179912,0.000179764,0.000179618,0.000179472,0.000179326,0.000179182,0.000179038,0.000178896,0.000178755,0.000178615,0.000178477,0.00017834,0.000178205,0.000178071,0.000177939,0.000177809,0.00017768,0.000177554,0.000177429,0.000177306,