{"radius":25,"P_v":[0.000173581,0.000173524,0.000173455,0.00017337,0.000173266,0.000173138,0.000172981,0.000172788,0.000172559,0.000172296,0.000172007,0.000171707,0.000171412,0.000171146,0.000170929,0.000170781,0.000170716,0.000170745,0.000170866,0.000171073,0.00017135,0.000171673,0.000172013,0.000172335,0.000172606,0.000172791,0.000172859,0.000172787,0.000172555,0.000172156,0.000171586,0.000170852,0.000169966,0.000168944,0.000167808,0.000166582,0.000165292,0.000163964,0.000162623,0.000161294,0.00016,0.000158761,0.000157595,0.000156517,0.00015554,0.000154673,0.000153921,0.000153289,0.000152777,0.000152385,0.000152107,0.000151941,0.000151877,0.00015191,0.00015203,0.000152227,0.000152493,0.000152818,0.000153193,0.000153608,0.000154056,0.000154527,0.000155016,0.000155515,0.000156018,0.00015652,0.000157017,0.000157505,0.000157981,0.000158441,0.000158884,0.000159309,0.000159714,0.000160098,0.00016046,0.000160802,0.000161122,0.000161421,0.0001617,0.000161958,0.000162198,0.000162419,0.000162622,0.000162808,0.000162978,0.000163133,0.000163274,0.000163401,0.000163515,0.000163617,0.000163707,0.000163786,0.000163855,0.000163914,0.000163963,0.000164003,0.000164034,0.000164057,0.000164071,0.000164078,0.000164078,0.000164071,0.000164057,0.000164037,0.000164011,0.00016398,0.000163944,0.000163903,0.000163859,0.000163811,0.000163761,0.000163708,0.000163654,0.000163599,0.000163544,0.000163489,0.000163435,0.000163383,0.000163333,0.000163286,0.000163243,0.000163205,0.000163172,0.000163145,0.000163124,0.00016311,0.000163104,0.000163106,0.000163117,0.000163137,0.000163168,0.000163208,0.000163259,0.000163321,0.000163394,0.000163479,0.000163576,0.000163685,0.000163805,0.000163938,0.000164083,0.000164239,0.000164408,0.000164588,0.00016478,0.000164983,0.000165196,0.00016542,0.000165654,0.000165897,0.000166149,0.000166409,0.000166677,0.000166953,0.000167234,0.000167522,0.000167814,0.000168111,0.000168412,0.000168716,0.000169022,0.00016933,0.000169638,0.000169947,0.000170256,0.000170564,0.00017087,0.000171175,0.000171476,0.000171775,0.00017207,0.000172361,0.000172648,0.000172931,0.000173208,0.00017348,0.000173747,0.000174008,0.000174263,0.000174513,0.000174757,0.000174994,0.000175226,0.000175452,0.000175672,0.000175887,0.000176096,0.0001763,0.000176498,0.000176692,0.000176882,0.000177067,0.000177249,0.000177427,0.000177602,0.000177775,0.000177945,0.000178115,0.000178283,0.000178451,0.000178619,0.000178788,0.000178958,0.00017913,0.000179305,0.000179484,0.000179667,0.000179855,0.000180048,0.000180248,0.000180456,0.000180672,0.000180896,0.000181131,0.000181376,0.000181632,0.000181902,0.000182184,0.000182481,0.000182793,0.000183122,0.000183468,0.000183832,0.000184216,0.000184621,0.000185047,0.000185496,0.000185969,0.000186468,0.000186993,0.000187547,0.00018813,0.000188745,0.000189392,0.000190074,0.000190792,0.000191548,0.000192345,0.000193183,0.000194065,0.000194994,0.000195972,0.000197001,0.000198083,0.000199223,0.000200422,0.000201684,0.000203013,0.00020441,0.000205881,0.000207429,0.000209058,0.000210772,0.000212576,0.000214475,0.000216473,0.000218576,0.000220789,0.000223118,0.000225569,0.000228147,0.00023086,0.000233713,0.000236714,0.000239869,0.000243185,0.00024667,0.00025033,0.000254172,0.000258203,0.00026243,0.00026686,0.000271496,0.000276345,0.000281409,0.000286693,0.000292195,0.000297915,0.000303849,0.00030999,0.000316329,0.000322849,0.000329532,0.000336352,0.000343275,0.00035026,0.000357258,0.000364206,0.000371032,0.000377649,0.000383953,0.000389826,0.000395128,0.0003997,0.000403362,0.000405909,0.000407113,0.000406719,0.00040445,0.000400001,0.000393048,0.000383243,0.000370224,0.000353615,0.000333036,0.000308108,0.000278463,0.000243757,0.000203677,0.000157958,0.000106396,4.88609E-5,-1.46899E-5,-8.41963E-5,-0.000159486,-0.000240261,-0.000326096,-0.000416428,-0.000510557,-0.00060765,-0.000706746,-0.000806767,-0.000906531,-0.00100477,-0.00110017,-0.00119135,-0.00127694,-0.00135561,-0.00142607,-0.00148712,-0.00153771,-0.00157695,-0.00160412,-0.00161875,-0.0016206,-0.00160965,-0.00158616,-0.00155061,-0.0015037,-0.00144633,-0.00137959,-0.00130469,-0.00122296,-0.00113582,-0.00104472,-0.000951121,-0.000856468,-0.000762133,-0.000669396,-0.000579411,-0.000493176,-0.000411518,-0.000335076,-0.000264298,-0.000199444,-0.000140603,-8.77048E-5,-4.05486E-5,1.17213E-6,3.78412E-5,6.98941E-5,9.77936E-5,0.00012201,0.000143004,0.000161215,0.000177053,0.000190891,0.000203064,0.000213866,0.000223551,0.000232336,0.000240404,0.000247911,0.000254983,0.00026173,0.000268242,0.000274593,0.000280846,0.00028705,0.000293242,0.000299453,0.000305707,0.000312022,0.000318415,0.000324904,0.000331503,0.000338228,0.000345092,0.000352103,0.00035927,0.000366598,0.000374093,0.000381761,0.000389612,0.000397656,0.000405904,0.00041437,0.000423061,0.000431989,0.00044116,0.000450584,0.000460272,0.000470236,0.000480494,0.000491063,0.00050196,0.000513204,0.000524811,0.000536797,0.000549182,0.000561991,0.000575252,0.000588996,0.000603254,0.00061806,0.000633448,0.000649456,0.000666131,0.000683522,0.00070169,0.000720697,0.000740613,0.000761517,0.000783499,0.000806662,0.000831128,0.000857036,0.000884551,0.000913863,0.000945204,0.000978856,0.00101517,0.0010546,0.00109776,0.00114556,0.00119979,0.00126539,0.00135838,0.00152203,0.00183597,0.00237848,0.00313091,0.0039223,0.00452762,0.00483113,0.00486835,0.00474304,0.00454589,0.00433036,0.00412129,0.00392795,0.00375246,0.0035941,0.0034512,0.00332189,0.00320442,0.00309727,0.00299913,0.00290888,0.00282557,0.00274843,0.00267676,0.00260998,0.00254758,0.00248915,0.00243428,0.00238268,0.00233403,0.00228809,0.00224461,0.00220343,0.00216433,0.00212718,0.00209181,0.00205812,0.00202596,0.00199525,0.00196587,0.00193776,0.00191081,0.00188498,0.00186016,0.00183633,0.0018134,0.00179135,0.00177009,0.00174962,0.00172986,0.00171081,0.00169239,0.0016746,0.0016574,0.00164076,0.00162464,0.00160905,0.00159392,0.00157927,0.00156504,0.00155125,0.00153785,0.00152484,0.00151219,0.00149991,0.00148795,0.00147633,0.00146501,0.001454,0.00144327,0.00143282,0.00142263,0.0014127,0.00140301,0.00139357,0.00138435,0.00137536,0.00136657,0.001358,0.00134961,0.00134143,0.00133342,0.00132561,0.00131795,0.00131047,0.00130315,0.00129599,0.00128897,0.00128212,0.00127539,0.00126881,0.00126236,0.00125605,0.00124986,0.00124379,0.00123784,0.00123201,0.00122629,0.00122068,0.00121518,0.00120978,0.00120448,0.00119928,0.00119417,0.00118916,0.00118423,0.0011794,0.00117465,0.00116999,0.0011654,0.0011609,0.00115648,0.00115213,0.00114785,0.00114365,0.00113951,0.00113545,0.00113145,0.00112753,0.00112366,0.00111986,0.00111612,0.00111244,0.00110882,0.00110526,0.00110175,0.00109831,0.00109492,0.00109158,0.0010883,0.00108507,0.00108189,0.00107876,0.00107569,0.00107266,0.00106968,0.00106676,0.00106388,0.00106105,0.00105826,0.00105553,0.00105284,0.0010502,0.0010476,0.00104505,0.00104255,0.00104009,0.00103767,0.0010353,0.00103298,0.0010307,0.00102846,0.00102627,0.00102412,0.00102202,0.00101996,0.00101795,0.00101598,0.00101405,0.00101217,0.00101033,0.00100854,0.00100679,0.00100509,0.00100343,0.00100181,0.00100025,0.000998726,0.000997254,0.000995827,0.000994453,0.000993125,0.000991852,0.000990628,0.000989461,0.000988346,0.000987292,0.000986295,0.000985362,0.00098449,0.000983687,0.000982951,0.00098229,0.000981701,0.000981193,0.000980765,0.000980425,0.000980173,0.000980016,0.000979955,0.000979999,0.000980147,0.000980409,0.000980784,0.000981283,0.000981905,0.00098266,0.000983548,0.000984579,0.000985753,0.00098708,0.000988559,0.000990201,0.000992004,0.000993978,0.000996123,0.000998446,0.00100095,0.00100363,0.00100651,0.00100957,0.00101282,0.00101627,0.00101992,0.00102376,0.0010278,0.00103203,0.00103647,0.0010411,0.00104593,0.00105095,0.00105617,0.00106158,0.00106717,0.00107295,0.00107891,0.00108505,0.00109137,0.00109785,0.00110449,0.0011113,0.00111825,0.00112536,0.0011326,0.00113998,0.00114749,0.00115512,0.00116287,0.00117072,0.00117868,0.00118674,0.00119488,0.0012031,0.0012114,0.00121976,0.00122818,0.00123665,0.00124517,0.00125372,0.0012623,