{"radius":35,"P_v":[0.000173106,0.000173106,0.000173106,0.000173106,0.000173106,0.000173106,0.000173106,0.000173106,0.000173106,0.000173106,0.000173106,0.000173106,0.000173105,0.000173105,0.000173105,0.000173104,0.000173104,0.000173103,0.000173103,0.000173102,0.000173101,0.0001731,0.000173098,0.000173096,0.000173093,0.000173087,0.000173079,0.000173067,0.000173049,0.000173024,0.000172992,0.00017295,0.000172898,0.000172837,0.000172766,0.000172686,0.000172599,0.000172507,0.000172412,0.000172319,0.00017223,0.000172149,0.000172079,0.000172024,0.000171987,0.000171969,0.000171973,0.000171998,0.000172046,0.000172113,0.000172199,0.000172301,0.000172415,0.000172535,0.000172659,0.00017278,0.000172894,0.000172995,0.000173079,0.00017314,0.000173174,0.000173178,0.000173148,0.000173081,0.000172976,0.000172831,0.000172646,0.00017242,0.000172154,0.000171848,0.000171504,0.000171124,0.00017071,0.000170263,0.000169787,0.000169284,0.000168757,0.000168209,0.000167643,0.000167063,0.00016647,0.000165867,0.000165259,0.000164646,0.000164033,0.000163421,0.000162812,0.000162209,0.000161614,0.000161028,0.000160454,0.000159892,0.000159344,0.000158811,0.000158294,0.000157794,0.000157311,0.000156846,0.0001564,0.000155972,0.000155563,0.000155172,0.000154801,0.000154448,0.000154113,0.000153797,0.000153499,0.000153219,0.000152956,0.000152711,0.000152482,0.00015227,0.000152074,0.000151895,0.000151731,0.000151583,0.00015145,0.000151332,0.000151228,0.000151138,0.000151063,0.000151,0.000150951,0.000150914,0.000150889,0.000150875,0.000150872,0.000150879,0.000150894,0.000150918,0.000150949,0.000150986,0.000151028,0.000151073,0.000151122,0.000151173,0.000151223,0.000151273,0.000151321,0.000151366,0.000151405,0.00015144,0.000151467,0.000151486,0.000151495,0.000151495,0.000151483,0.00015146,0.000151424,0.000151374,0.00015131,0.000151231,0.000151138,0.000151029,0.000150904,0.000150764,0.000150609,0.000150438,0.000150252,0.000150051,0.000149835,0.000149605,0.000149362,0.000149106,0.000148838,0.000148559,0.000148269,0.00014797,0.000147662,0.000147347,0.000147025,0.000146697,0.000146365,0.00014603,0.000145693,0.000145354,0.000145016,0.000144678,0.000144343,0.000144011,0.000143683,0.00014336,0.000143043,0.000142734,0.000142432,0.000142139,0.000141855,0.000141582,0.000141319,0.000141067,0.000140828,0.0001406,0.000140385,0.000140183,0.000139994,0.000139817,0.000139654,0.000139504,0.000139367,0.000139242,0.00013913,0.00013903,0.000138942,0.000138866,0.0001388,0.000138744,0.000138698,0.000138661,0.000138632,0.000138611,0.000138596,0.000138588,0.000138586,0.000138588,0.000138595,0.000138605,0.000138617,0.000138632,0.000138649,0.000138666,0.000138683,0.000138701,0.000138718,0.000138733,0.000138746,0.000138758,0.000138766,0.000138771,0.000138772,0.000138769,0.000138761,0.000138748,0.00013873,0.000138705,0.000138673,0.000138635,0.00013859,0.000138538,0.000138478,0.000138412,0.000138338,0.000138258,0.000138171,0.000138078,0.000137981,0.000137879,0.000137774,0.000137667,0.00013756,0.000137453,0.00013735,0.000137251,0.00013716,0.000137077,0.000137005,0.000136947,0.000136905,0.000136882,0.000136879,0.0001369,0.000136947,0.000137022,0.000137126,0.000137263,0.000137434,0.000137639,0.000137882,0.000138161,0.000138479,0.000138835,0.000139229,0.00013966,0.000140128,0.000140631,0.000141168,0.000141736,0.000142333,0.000142957,0.000143604,0.000144272,0.000144956,0.000145653,0.00014636,0.000147072,0.000147786,0.000148497,0.000149201,0.000149896,0.000150577,0.000151241,0.000151884,0.000152504,0.000153097,0.000153662,0.000154196,0.000154697,0.000155163,0.000155595,0.000155989,0.000156347,0.000156668,0.000156952,0.000157199,0.00015741,0.000157587,0.00015773,0.000157841,0.000157922,0.000157975,0.000158003,0.000158006,0.000157989,0.000157954,0.000157902,0.000157839,0.000157765,0.000157685,0.0001576,0.000157515,0.000157432,0.000157354,0.000157284,0.000157224,0.000157177,0.000157146,0.000157132,0.000157139,0.000157168,0.00015722,0.000157298,0.000157403,0.000157536,0.000157697,0.000157887,0.000158108,0.000158358,0.000158637,0.000158946,0.000159284,0.000159649,0.000160042,0.000160459,0.000160901,0.000161365,0.00016185,0.000162353,0.000162872,0.000163407,0.000163953,0.000164509,0.000165073,0.000165642,0.000166214,0.000166787,0.000167359,0.000167927,0.000168489,0.000169045,0.000169591,0.000170126,0.000170649,0.000171159,0.000171654,0.000172133,0.000172595,0.00017304,0.000173467,0.000173877,0.000174268,0.00017464,0.000174994,0.000175331,0.00017565,0.000175951,0.000176236,0.000176505,0.00017676,0.000176999,0.000177226,0.00017744,0.000177643,0.000177835,0.000178018,0.000178192,0.000178359,0.00017852,0.000178675,0.000178826,0.000178973,0.000179117,0.000179259,0.0001794,0.00017954,0.000179679,0.000179819,0.00017996,0.000180102,0.000180245,0.00018039,0.000180536,0.000180684,0.000180834,0.000180985,0.000181137,0.000181291,0.000181445,0.0001816,0.000181756,0.000181911,0.000182066,0.00018222,0.000182372,0.000182522,0.000182671,0.000182816,0.000182958,0.000183097,0.000183231,0.000183361,0.000183486,0.000183606,0.00018372,0.000183829,0.000183931,0.000184027,0.000184117,0.0001842,0.000184276,0.000184346,0.000184409,0.000184465,0.000184515,0.000184558,0.000184595,0.000184626,0.00018465,0.000184669,0.000184683,0.000184691,0.000184694,0.000184692,0.000184687,0.000184677,0.000184663,0.000184647,0.000184627,0.000184605,0.00018458,0.000184553,0.000184524,0.000184495,0.000184463,0.000184431,0.000184399,0.000184366,0.000184332,0.000184299,0.000184265,0.000184232,0.000184199,0.000184166,0.000184134,0.000184103,0.000184071,0.000184041,0.00018401,0.000183981,0.000183951,0.000183922,0.000183893,0.000183864,0.000183835,0.000183805,0.000183776,0.000183746,0.000183715,0.000183684,0.000183652,0.000183619,0.000183585,0.000183549,0.000183512,0.000183473,0.000183433,0.000183391,0.000183347,0.000183301,0.000183253,0.000183203,0.000183151,0.000183096,0.000183039,0.00018298,0.000182918,0.000182854,0.000182788,0.000182719,0.000182649,0.000182575,0.0001825,0.000182423,0.000182343,0.000182262,0.000182178,0.000182093,0.000182006,0.000181917,0.000181827,0.000181735,0.000181642,0.000181548,0.000181453,0.000181356,0.000181259,0.000181161,0.000181062,0.000180962,0.000180862,0.000180761,0.00018066,0.000180559,0.000180458,0.000180356,0.000180254,0.000180153,0.000180051,0.00017995,0.000179849,0.000179748,0.000179647,0.000179547,0.000179447,0.000179348,0.000179249,0.00017915,0.000179052,0.000178954,0.000178857,0.00017876,0.000178664,0.000178569,0.000178474,0.00017838,0.000178286,0.000178193,0.0001781,0.000178008,0.000177916,0.000177826,0.000177735,0.000177646,0.000177557,0.000177468,0.00017738,0.000177293,0.000177207,0.000177121,0.000177036,0.000176951,0.000176867,0.000176784,0.000176702,0.00017662,0.000176539,0.000176458,0.000176379,0.0001763,0.000176222,0.000176144,0.000176068,0.000175992,0.000175917,0.000175843,0.000175769,0.000175697,0.000175625,0.000175554,0.000175484,0.000175415,0.000175347,0.000175279,0.000175213,0.000175147,0.000175082,0.000175018,0.000174954,0.000174892,0.00017483,0.000174769,0.000174709,0.000174649,0.000174591,0.000174533,0.000174475,0.000174419,0.000174363,0.000174308,0.000174253,0.000174199,0.000174146,0.000174093,0.000174041,0.000173989,0.000173938,0.000173887,0.000173837,0.000173787,0.000173738,0.000173689,0.00017364,0.000173592,0.000173544,0.000173496,0.000173449,0.000173402,0.000173355,0.000173309,0.000173262,0.000173216,0.000173171,0.000173125,0.00017308,0.000173034,0.000172989,0.000172944,0.000172899,0.000172855,0.00017281,0.000172766,0.000172722,0.000172678,0.000172634,0.00017259,0.000172546,0.000172502,0.000172459,0.000172415,0.000172372,0.000172328,0.000172285,0.000172242,0.000172199,0.000172156,0.000172113,0.000172071,0.000172028,0.000171985,0.000171943,0.0001719,0.000171858,0.000171816,0.000171774,0.000171732,0.00017169,0.000171648,0.000171606,0.000171564,0.000171523,0.000171481,0.00017144,0.000171399,0.000171357,0.000171316,0.000171275,0.000171234,0.000171193,0.000171153,0.000171112,0.000171071,0.000171031,0.000170991,0.00017095,