{"radius":25,"P_v":[0.000173581,0.000173524,0.000173455,0.00017337,0.000173266,0.000173138,0.000172981,0.000172788,0.000172559,0.000172296,0.000172007,0.000171707,0.000171412,0.000171146,0.000170929,0.000170781,0.000170716,0.000170745,0.000170866,0.000171073,0.00017135,0.000171673,0.000172013,0.000172335,0.000172606,0.000172791,0.000172859,0.000172787,0.000172555,0.000172156,0.000171586,0.000170852,0.000169966,0.000168944,0.000167808,0.000166582,0.000165292,0.000163964,0.000162623,0.000161294,0.00016,0.000158761,0.000157595,0.000156517,0.00015554,0.000154673,0.000153921,0.000153289,0.000152777,0.000152385,0.000152107,0.000151941,0.000151877,0.00015191,0.00015203,0.000152227,0.000152493,0.000152818,0.000153193,0.000153608,0.000154056,0.000154527,0.000155016,0.000155515,0.000156018,0.00015652,0.000157017,0.000157505,0.000157981,0.000158441,0.000158884,0.000159309,0.000159714,0.000160098,0.00016046,0.000160802,0.000161122,0.000161421,0.0001617,0.000161958,0.000162198,0.000162419,0.000162622,0.000162808,0.000162978,0.000163133,0.000163274,0.000163401,0.000163515,0.000163617,0.000163707,0.000163786,0.000163855,0.000163914,0.000163963,0.000164003,0.000164034,0.000164057,0.000164071,0.000164078,0.000164078,0.000164071,0.000164057,0.000164037,0.000164011,0.00016398,0.000163944,0.000163903,0.000163859,0.000163811,0.000163761,0.000163708,0.000163654,0.000163599,0.000163544,0.000163489,0.000163435,0.000163383,0.000163333,0.000163286,0.000163243,0.000163205,0.000163172,0.000163145,0.000163124,0.00016311,0.000163104,0.000163106,0.000163117,0.000163137,0.000163168,0.000163208,0.000163259,0.000163321,0.000163394,0.000163479,0.000163576,0.000163685,0.000163805,0.000163938,0.000164083,0.000164239,0.000164408,0.000164588,0.00016478,0.000164983,0.000165196,0.00016542,0.000165654,0.000165897,0.000166149,0.000166409,0.000166677,0.000166953,0.000167234,0.000167522,0.000167814,0.000168111,0.000168412,0.000168716,0.000169022,0.00016933,0.000169638,0.000169947,0.000170256,0.000170564,0.00017087,0.000171175,0.000171476,0.000171775,0.00017207,0.000172361,0.000172648,0.000172931,0.000173208,0.00017348,0.000173747,0.000174008,0.000174263,0.000174513,0.000174757,0.000174994,0.000175226,0.000175452,0.000175672,0.000175887,0.000176096,0.0001763,0.000176498,0.000176692,0.000176882,0.000177067,0.000177249,0.000177427,0.000177602,0.000177775,0.000177945,0.000178115,0.000178283,0.000178451,0.000178619,0.000178788,0.000178958,0.00017913,0.000179305,0.000179484,0.000179667,0.000179855,0.000180048,0.000180248,0.000180456,0.000180672,0.000180896,0.000181131,0.000181376,0.000181632,0.000181902,0.000182184,0.000182481,0.000182793,0.000183122,0.000183468,0.000183832,0.000184216,0.000184621,0.000185047,0.000185496,0.000185969,0.000186468,0.000186993,0.000187547,0.00018813,0.000188745,0.000189392,0.000190074,0.000190792,0.000191548,0.000192345,0.000193183,0.000194065,0.000194994,0.000195972,0.000197001,0.000198083,0.000199223,0.000200422,0.000201684,0.000203013,0.00020441,0.000205881,0.000207429,0.000209058,0.000210772,0.000212576,0.000214475,0.000216473,0.000218576,0.000220789,0.000223118,0.000225569,0.000228147,0.00023086,0.000233713,0.000236714,0.000239869,0.000243185,0.00024667,0.00025033,0.000254172,0.000258203,0.00026243,0.00026686,0.000271496,0.000276345,0.000281409,0.000286693,0.000292195,0.000297915,0.000303849,0.00030999,0.000316329,0.000322849,0.000329532,0.000336352,0.000343275,0.00035026,0.000357258,0.000364206,0.000371032,0.000377649,0.000383953,0.000389826,0.000395128,0.0003997,0.000403362,0.000405909,0.000407113,0.000406719,0.00040445,0.000400001,0.000393048,0.000383243,0.000370224,0.000353615,0.000333036,0.000308108,0.000278463,0.000243757,0.000203677,0.000157958,0.000106396,4.88609E-5,-1.46899E-5,-8.41963E-5,-0.000159486,-0.000240261,-0.000326096,-0.000416428,-0.000510557,-0.00060765,-0.000706746,-0.000806767,-0.000906531,-0.00100477,-0.00110017,-0.00119135,-0.00127694,-0.00135561,-0.00142607,-0.00148712,-0.00153771,-0.00157695,-0.00160412,-0.00161875,-0.0016206,-0.00160965,-0.00158616,-0.00155061,-0.0015037,-0.00144633,-0.00137959,-0.00130469,-0.00122296,-0.00113582,-0.00104472,-0.000951121,-0.000856468,-0.000762133,-0.000669396,-0.000579411,-0.000493176,-0.000411518,-0.000335076,-0.000264298,-0.000199444,-0.000140603,-8.77048E-5,-4.05486E-5,1.17213E-6,3.78412E-5,6.98941E-5,9.77936E-5,0.00012201,0.000143004,0.000161215,0.000177053,0.000190891,0.000203064,0.000213866,0.000223551,0.000232336,0.000240404,0.000247911,0.000254983,0.00026173,0.000268242,0.000274593,0.000280846,0.00028705,0.000293242,0.000299453,0.000305707,0.000312022,0.000318415,0.000324904,0.000331503,0.000338228,0.000345092,0.000352103,0.00035927,0.000366598,0.000374093,0.000381761,0.000389612,0.000397656,0.000405904,0.00041437,0.000423061,0.000431989,0.00044116,0.000450584,0.000460272,0.000470236,0.000480494,0.000491063,0.00050196,0.000513204,0.000524811,0.000536797,0.000549182,0.000561991,0.000575252,0.000588996,0.000603254,0.00061806,0.000633448,0.000649456,0.000666131,0.000683522,0.00070169,0.000720697,0.000740613,0.000761517,0.000783499,0.000806662,0.000831128,0.000857036,0.000884551,0.000913863,0.000945204,0.000978856,0.00101517,0.0010546,0.00109776,0.00114556,0.00119979,0.00126539,0.00135838,0.00152203,0.00183597,0.00237848,0.00313091,0.0039223,0.00452762,0.00483113,0.00486835,0.00474304,0.00454589,0.00433036,0.00412129,0.00392795,0.00375246,0.0035941,0.0034512,0.00332189,0.00320442,0.00309727,0.00299913,0.00290888,0.00282557,0.00274843,0.00267676,0.00260998,0.00254758,0.00248915,0.00243428,0.00238268,0.00233403,0.00228809,0.00224461,0.00220343,0.00216433,0.00212718,0.00209181,0.00205812,0.00202596,0.00199525,0.00196587,0.00193776,0.00191081,0.00188498,0.00186016,0.00183633,0.0018134,0.00179135,0.00177009,0.00174962,0.00172986,0.00171081,0.00169239,0.0016746,0.0016574,0.00164076,0.00162464,0.00160905,0.00159392,0.00157927,0.00156504,0.00155125,0.00153785,0.00152484,0.00151219,0.00149991,0.00148795,0.00147633,0.00146501,0.001454,0.00144327,0.00143282,0.00142263,0.0014127,0.00140301,0.00139357,0.00138435,0.00137536,0.00136657,0.001358,0.00134961,0.00134143,0.00133342,0.00132561,0.00131795,0.00131047,0.00130315,0.00129599,0.00128897,0.00128212,0.00127539,0.00126881,0.00126236,0.00125605,0.00124985,0.00124379,0.00123784,0.00123201,0.00122629,0.00122068,0.00121517,0.00120978,0.00120447,0.00119928,0.00119417,0.00118916,0.00118423,0.0011794,0.00117464,0.00116998,0.00116539,0.00116089,0.00115646,0.00115211,0.00114783,0.00114362,0.00113948,0.00113542,0.00113141,0.00112748,0.0011236,0.00111979,0.00111604,0.00111235,0.00110871,0.00110514,0.00110161,0.00109815,0.00109473,0.00109137,0.00108805,0.00108479,0.00108158,0.00107841,0.00107529,0.00107222,0.00106918,0.0010662,0.00106325,0.00106035,0.00105749,0.00105467,0.00105189,0.00104915,0.00104644,0.00104377,0.00104114,0.00103854,0.00103598,0.00103346,0.00103096,0.0010285,0.00102607,0.00102368,0.00102131,0.00101898,0.00101667,0.0010144,0.00101215,0.00100993,0.00100774,0.00100558,0.00100344,0.00100133,0.000999248,0.000997191,0.000995157,0.00099315,0.000991164,0.000989206,0.000987267,0.000985355,0.000983462,0.000981595,0.000979746,0.000977922,0.000976116,0.000974334,0.000972569,0.000970827,0.000969102,0.0009674,0.000965714,0.000964049,0.000962401,0.000960773,0.000959161,0.000957569,0.000955992,0.000954434,0.000952891,0.000951367,0.000949857,0.000948366,0.000946888,0.000945428,0.000943981,0.000942552,0.000941135,0.000939736,0.000938348,0.000936978,0.000935619,0.000934276,0.000932945,0.000931629,0.000930325,0.000929036,0.000927758,0.000926494,0.000925241,0.000924003,0.000922775,0.00092156,0.000920356,0.000919166,0.000917985,0.000916817,0.000915659,0.000914514,0.000913377,0.000912254,0.000911139,0.000910037,0.000908943,0.000907862,0.000906788,0.000905727,0.000904673,0.000903631,0.000902597,0.000901574,0.000900559,0.000899554,0.000898557,0.000897571,0.000896592,0.000895624,0.000894662,0.000893711,0.000892766,0.000891831,0.000890903,0.000889985,0.000889073,0.000888171,