{"radius":35,"P_v":[0.000173106,0.000173106,0.000173106,0.000173106,0.000173106,0.000173106,0.000173106,0.000173106,0.000173106,0.000173106,0.000173106,0.000173106,0.000173105,0.000173105,0.000173105,0.000173104,0.000173104,0.000173103,0.000173102,0.000173101,0.0001731,0.000173099,0.000173097,0.000173095,0.000173091,0.000173085,0.000173075,0.000173061,0.000173041,0.000173013,0.000172977,0.000172932,0.000172876,0.000172811,0.000172736,0.000172654,0.000172565,0.000172474,0.000172382,0.000172294,0.000172213,0.000172142,0.000172083,0.00017204,0.000172013,0.000172002,0.000172007,0.000172024,0.000172051,0.000172084,0.000172118,0.000172147,0.000172166,0.000172169,0.000172149,0.000172103,0.000172025,0.000171911,0.000171757,0.000171562,0.000171324,0.000171043,0.000170717,0.00017035,0.000169941,0.000169495,0.000169013,0.000168499,0.000167958,0.000167393,0.00016681,0.000166211,0.000165603,0.00016499,0.000164377,0.000163767,0.000163166,0.000162578,0.000162005,0.000161453,0.000160924,0.000160421,0.000159947,0.000159504,0.000159093,0.000158717,0.000158377,0.000158073,0.000157806,0.000157576,0.000157383,0.000157227,0.000157106,0.000157019,0.000156967,0.000156946,0.000156956,0.000156994,0.00015706,0.000157151,0.000157266,0.000157401,0.000157556,0.000157728,0.000157915,0.000158116,0.000158328,0.00015855,0.00015878,0.000159017,0.000159258,0.000159502,0.000159749,0.000159996,0.000160243,0.000160488,0.000160731,0.00016097,0.000161205,0.000161435,0.000161659,0.000161877,0.000162089,0.000162293,0.000162489,0.000162678,0.000162858,0.00016303,0.000163194,0.000163349,0.000163495,0.000163632,0.000163761,0.000163881,0.000163992,0.000164095,0.00016419,0.000164277,0.000164356,0.000164427,0.000164492,0.00016455,0.000164601,0.000164646,0.000164686,0.00016472,0.00016475,0.000164775,0.000164797,0.000164816,0.000164831,0.000164845,0.000164856,0.000164867,0.000164876,0.000164886,0.000164896,0.000164906,0.000164918,0.000164932,0.000164948,0.000164966,0.000164988,0.000165014,0.000165043,0.000165077,0.000165116,0.00016516,0.00016521,0.000165265,0.000165327,0.000165395,0.00016547,0.000165551,0.00016564,0.000165737,0.00016584,0.000165951,0.00016607,0.000166197,0.000166331,0.000166472,0.000166622,0.000166779,0.000166943,0.000167114,0.000167293,0.000167478,0.00016767,0.000167868,0.000168072,0.000168282,0.000168497,0.000168717,0.000168942,0.000169171,0.000169404,0.00016964,0.000169879,0.00017012,0.000170363,0.000170608,0.000170854,0.000171101,0.000171347,0.000171594,0.000171839,0.000172084,0.000172327,0.000172568,0.000172807,0.000173043,0.000173276,0.000173506,0.000173733,0.000173955,0.000174173,0.000174387,0.000174596,0.0001748,0.000174999,0.000175193,0.000175382,0.000175566,0.000175744,0.000175916,0.000176083,0.000176245,0.0001764,0.00017655,0.000176695,0.000176834,0.000176967,0.000177095,0.000177217,0.000177334,0.000177446,0.000177552,0.000177654,0.00017775,0.000177842,0.000177929,0.000178011,0.000178089,0.000178162,0.000178231,0.000178296,0.000178357,0.000178415,0.000178468,0.000178518,0.000178565,0.000178608,0.000178648,0.000178685,0.000178719,0.00017875,0.000178778,0.000178804,0.000178827,0.000178848,0.000178866,0.000178883,0.000178897,0.000178908,0.000178918,0.000178926,0.000178932,0.000178936,0.000178939,0.000178939,0.000178938,0.000178936,0.000178931,0.000178926,0.000178918,0.000178909,0.000178899,0.000178887,0.000178873,0.000178859,0.000178843,0.000178825,0.000178806,0.000178786,0.000178764,0.000178741,0.000178717,0.000178692,0.000178665,0.000178637,0.000178608,0.000178577,0.000178546,0.000178513,0.000178479,0.000178444,0.000178408,0.000178371,0.000178333,0.000178294,0.000178255,0.000178214,0.000178173,0.000178131,0.000178088,0.000178044,0.000178,0.000177956,0.000177911,0.000177866,0.00017782,0.000177774,0.000177728,0.000177682,0.000177636,0.00017759,0.000177544,0.000177498,0.000177453,0.000177407,0.000177363,0.000177318,0.000177274,0.000177231,0.000177188,0.000177146,0.000177105,0.000177064,0.000177024,0.000176985,0.000176947,0.00017691,0.000176874,0.000176839,0.000176805,0.000176772,0.00017674,0.00017671,0.00017668,0.000176651,0.000176624,0.000176598,0.000176573,0.000176549,0.000176526,0.000176504,0.000176483,0.000176463,0.000176445,0.000176427,0.000176411,0.000176396,0.000176381,0.000176368,0.000176355,0.000176344,0.000176333,0.000176323,0.000176314,0.000176306,0.000176299,0.000176292,0.000176286,0.000176281,0.000176277,0.000176273,0.00017627,0.000176268,0.000176266,0.000176265,0.000176264,0.000176264,0.000176265,0.000176266,0.000176268,0.00017627,0.000176273,0.000176277,0.000176281,0.000176285,0.000176291,0.000176297,0.000176303,0.00017631,0.000176318,0.000176327,0.000176336,0.000176346,0.000176357,0.000176369,0.000176382,0.000176396,0.000176411,0.000176426,0.000176443,0.000176462,0.000176481,0.000176502,0.000176524,0.000176548,0.000176573,0.0001766,0.000176629,0.00017666,0.000176692,0.000176727,0.000176764,0.000176804,0.000176845,0.00017689,0.000176937,0.000176987,0.000177041,0.000177097,0.000177157,0.000177221,0.000177288,0.00017736,0.000177436,0.000177516,0.000177601,0.000177691,0.000177787,0.000177888,0.000177995,0.000178109,0.000178229,0.000178356,0.000178491,0.000178633,0.000178784,0.000178944,0.000179114,0.000179293,0.000179484,0.000179685,0.000179899,0.000180126,0.000180366,0.000180621,0.000180891,0.000181178,0.000181483,0.000181806,0.00018215,0.000182516,0.000182904,0.000183317,0.000183756,0.000184224,0.000184722,0.000185252,0.000185817,0.000186419,0.000187061,0.000187746,0.000188477,0.000189258,0.000190092,0.000190983,0.000191935,0.000192954,0.000194044,0.00019521,0.000196459,0.000197796,0.000199229,0.000200765,0.000202411,0.000204177,0.000206071,0.000208103,0.000210285,0.000212626,0.00021514,0.000217839,0.000220737,0.000223848,0.000227189,0.000230776,0.000234625,0.000238754,0.000243181,0.000247926,0.000253006,0.000258439,0.000264243,0.000270433,0.000277022,0.000284021,0.000291433,0.000299256,0.000307481,0.000316086,0.000325033,0.000334269,0.000343717,0.000353274,0.000362801,0.000372123,0.000381017,0.000389205,0.00039635,0.000402045,0.00040581,0.000407085,0.000405227,0.000399515,0.000389152,0.000373282,0.000351003,0.000321399,0.000283572,0.000236685,0.000180016,0.000113011,3.53415E-5,-5.30336E-5,-0.000151817,-0.00026033,-0.000377478,-0.000501743,-0.000631185,-0.000763476,-0.000895947,-0.00102566,-0.0011495,-0.00126428,-0.00136688,-0.00145437,-0.00152413,-0.00157405,-0.00160256,-0.00160881,-0.00159266,-0.00155471,-0.00149625,-0.00141921,-0.00132603,-0.00121957,-0.00110295,-0.000979426,-0.0008523,-0.000724734,-0.000599649,-0.000479603,-0.000366697,-0.000262514,-0.00016809,-8.39298E-5,-1.0058E-5,5.39087E-5,0.000108664,0.000155112,0.00019427,0.000227188,0.000254881,0.000278287,0.000298246,0.000315486,0.000330626,0.000344179,0.000356559,0.000368098,0.000379053,0.000389622,0.000399958,0.000410182,0.000420385,0.00043064,0.000441002,0.000451511,0.000462198,0.000473088,0.000484202,0.000495562,0.000507188,0.000519096,0.000531305,0.000543827,0.000556678,0.000569871,0.000583424,0.000597357,0.00061169,0.000626446,0.000641646,0.000657311,0.000673466,0.000690137,0.000707356,0.000725157,0.000743579,0.000762658,0.000782436,0.000802957,0.000824274,0.000846448,0.000869543,0.000893631,0.00091879,0.000945109,0.00097269,0.00100165,0.00103213,0.00106427,0.00109826,0.0011343,0.00117265,0.00121359,0.00125749,0.00130478,0.00135603,0.00141194,0.00147347,0.001542,0.00161997,0.00171428,0.0018503,0.00210531,0.00262655,0.00352947,0.00468191,0.00569214,0.0062449,0.00633828,0.00615692,0.00586907,0.00556412,0.00527659,0.00501591,0.00478225,0.00457297,0.00438489,0.00421507,0.00406099,0.00392049,0.00379182,0.00367348,0.00356425,0.00346304,0.00336901,0.00328135,0.00319945,0.00312269,0.00305064,0.0029828,0.00291887,0.00285843,0.00280127,0.00274704,0.0026956,0.00264664,0.00260007,0.00255563,0.00251325,0.00247271,0.00243397,0.00239683,0.00236126,0.00232708,0.00229431,0.00226275,0.00223244,0.00220321,0.00217509,0.00214792,0.00212176,0.00209645,0.00207204,0.0020484,0.00202557,0.00200343,0.00198203,