{"radius":20,"P_v":[0.000198171,0.000195756,0.000193639,0.000191881,0.000190508,0.000189511,0.000188847,0.000188444,0.000188211,0.000188047,0.000187851,0.000187525,0.000186984,0.000186156,0.000184989,0.000183454,0.000181546,0.000179287,0.000176724,0.000173926,0.000170975,0.000167963,0.000164984,0.000162126,0.000159469,0.000157078,0.000155003,0.000153278,0.000151921,0.000150933,0.000150305,0.000150013,0.000150029,0.000150317,0.000150838,0.000151554,0.000152426,0.000153417,0.000154493,0.000155625,0.000156786,0.000157956,0.000159115,0.000160249,0.000161347,0.000162402,0.000163406,0.000164357,0.000165253,0.000166094,0.00016688,0.000167613,0.000168295,0.00016893,0.00016952,0.000170069,0.00017058,0.000171056,0.000171501,0.000171918,0.000172311,0.000172682,0.000173034,0.00017337,0.000173693,0.000174005,0.000174308,0.000174604,0.000174895,0.000175183,0.000175469,0.000175755,0.000176042,0.000176331,0.000176623,0.000176919,0.000177219,0.000177524,0.000177835,0.000178152,0.000178475,0.000178806,0.000179145,0.000179491,0.000179846,0.00018021,0.000180584,0.000180969,0.000181364,0.000181772,0.000182193,0.000182628,0.000183077,0.000183543,0.000184027,0.000184529,0.000185051,0.000185595,0.000186162,0.000186753,0.000187371,0.000188016,0.000188691,0.000189397,0.000190135,0.000190909,0.000191719,0.000192566,0.000193454,0.000194383,0.000195356,0.000196373,0.000197437,0.000198549,0.00019971,0.000200923,0.000202189,0.000203508,0.000204883,0.000206315,0.000207805,0.000209355,0.000210964,0.000212636,0.00021437,0.000216169,0.000218032,0.000219962,0.00022196,0.000224026,0.000226162,0.00022837,0.000230651,0.000233006,0.000235436,0.000237945,0.000240532,0.0002432,0.000245952,0.000248788,0.000251712,0.000254725,0.000257829,0.000261027,0.000264321,0.000267714,0.000271207,0.000274802,0.000278503,0.000282309,0.000286223,0.000290247,0.000294379,0.000298621,0.000302973,0.000307431,0.000311995,0.000316661,0.000321424,0.000326278,0.000331215,0.000336225,0.000341296,0.000346413,0.00035156,0.000356716,0.000361857,0.000366954,0.000371977,0.000376887,0.000381644,0.000386198,0.000390498,0.000394481,0.000398081,0.000401223,0.000403824,0.000405792,0.000407027,0.000407421,0.000406854,0.000405199,0.00040232,0.000398071,0.000392297,0.000384835,0.000375519,0.000364171,0.000350614,0.000334666,0.000316146,0.000294874,0.000270677,0.000243389,0.000212856,0.00017894,0.000141522,0.000100509,5.58323E-5,7.45887E-6,-4.46095E-5,-0.00010033,-0.000159616,-0.000222334,-0.000288299,-0.000357275,-0.000428971,-0.000503045,-0.000579097,-0.000656679,-0.000735291,-0.000814387,-0.000893379,-0.000971643,-0.00104853,-0.00112335,-0.00119543,-0.00126406,-0.00132857,-0.00138827,-0.00144254,-0.00149076,-0.00153239,-0.00156695,-0.00159402,-0.00161328,-0.00162449,-0.00162753,-0.00162235,-0.00160902,-0.00158772,-0.00155872,-0.00152237,-0.00147912,-0.00142951,-0.00137412,-0.00131362,-0.0012487,-0.00118011,-0.0011086,-0.00103496,-0.00095996,-0.000884369,-0.000808922,-0.00073432,-0.000661208,-0.000590175,-0.000521734,-0.000456323,-0.000394298,-0.00033593,-0.000281404,-0.000230828,-0.000184232,-0.00014158,-0.000102773,-6.76646E-5,-3.60651E-5,-7.75488E-6,1.75073E-5,3.99757E-5,5.99093E-5,7.75656E-5,9.31942E-5,0.000107033,0.000119305,0.000130215,0.000139951,0.00014868,0.000156554,0.000163706,0.000170254,0.000176301,0.00018194,0.000187249,0.000192298,0.000197145,0.000201842,0.000206429,0.000210939,0.000215401,0.000219835,0.00022426,0.000228693,0.000233147,0.000237638,0.000242179,0.000246783,0.000251461,0.000256223,0.000261073,0.000266017,0.000271058,0.000276198,0.00028144,0.000286789,0.000292253,0.000297838,0.000303555,0.00030941,0.00031541,0.000321561,0.000327865,0.000334326,0.000340949,0.000347739,0.000354704,0.000361856,0.000369206,0.000376766,0.000384546,0.000392556,0.000400804,0.000409298,0.00041805,0.000427074,0.000436385,0.000446004,0.000455949,0.000466242,0.0004769,0.000487943,0.000499393,0.000511275,0.000523619,0.000536459,0.000549834,0.000563781,0.000578344,0.000593569,0.000609507,0.000626219,0.000643775,0.000662255,0.000681747,0.000702355,0.000724197,0.000747413,0.000772171,0.000798675,0.000827181,0.000858016,0.000891634,0.000928744,0.000970752,0.00102145,0.00109224,0.00121235,0.00143547,0.0018211,0.0023797,0.0030236,0.0035963,0.00397236,0.00412501,0.00410602,0.00398763,0.00382574,0.00365311,0.0034857,0.00332998,0.00318777,0.00305878,0.00294192,0.00283588,0.00273936,0.00265119,0.00257036,0.00249598,0.0024273,0.00236366,0.00230453,0.00224943,0.00219794,0.00214972,0.00210445,0.00206186,0.00202171,0.0019838,0.00194794,0.00191396,0.00188172,0.00185108,0.00182192,0.00179414,0.00176764,0.00174233,0.00171814,0.00169498,0.0016728,0.00165152,0.00163111,0.0016115,0.00159265,0.00157451,0.00155704,0.00154022,0.00152399,0.00150834,0.00149323,0.00147863,0.00146452,0.00145087,0.00143766,0.00142488,0.00141249,0.00140049,0.00138885,0.00137756,0.0013666,0.00135596,0.00134563,0.00133558,0.00132582,0.00131633,0.0013071,0.00129811,0.00128936,0.00128083,0.00127253,0.00126444,0.00125656,0.00124887,0.00124137,0.00123405,0.00122691,0.00121993,0.00121313,0.00120648,0.00119998,0.00119363,0.00118742,0.00118136,0.00117542,0.00116962,0.00116394,0.00115838,0.00115294,0.00114762,0.0011424,0.00113729,0.00113229,0.00112739,0.00112259,0.00111788,0.00111326,0.00110874,0.0011043,0.00109995,0.00109568,0.00109149,0.00108738,0.00108334,0.00107938,0.00107549,0.00107167,0.00106792,0.00106424,0.00106062,0.00105707,0.00105357,0.00105014,0.00104676,0.00104345,0.00104019,0.00103698,0.00103383,0.00103073,0.00102768,0.00102468,0.00102173,0.00101882,0.00101596,0.00101315,0.00101038,0.00100766,0.00100497,0.00100233,0.000999732,0.000997171,0.000994647,0.000992163,0.000989714,0.000987303,0.000984926,0.000982585,0.000980277,0.000978004,0.000975762,0.000973553,0.000971374,0.000969228,0.00096711,0.000965023,0.000962964,0.000960934,0.000958931,0.000956957,0.000955008,0.000953087,0.00095119,0.000949319,0.000947472,0.000945651,0.000943853,0.000942079,0.000940326,0.000938598,0.000936891,0.000935206,0.000933542,0.0009319,0.000930278,0.000928676,0.000927094,0.000925532,0.000923989,0.000922465,0.000920959,0.000919473,0.000918003,0.000916552,0.000915117,0.0009137,0.000912299,0.000910916,0.000909548,0.000908196,0.00090686,0.00090554,0.000904234,0.000902944,0.000901668,0.000900407,0.000899159,0.000897927,0.000896707,0.000895502,0.000894309,0.000893131,0.000891964,0.000890811,0.00088967,0.000888542,0.000887426,0.000886322,0.00088523,0.00088415,0.000883081,0.000882024,0.000880977,0.000879943,0.000878918,0.000877905,0.000876903,0.000875911,0.000874929,0.000873959,0.000872998,0.000872047,0.000871107,0.000870177,0.000869256,0.000868346,0.000867446,0.000866555,0.000865675,0.000864804,0.000863943,0.000863093,0.000862252,0.000861422,0.000860601,0.000859792,0.000858992,0.000858203,0.000857425,0.000856658,0.000855901,0.000855157,0.000854423,0.000853702,0.000852993,0.000852296,0.000851612,0.000850941,0.000850283,0.00084964,0.00084901,0.000848396,0.000847796,0.000847211,0.000846643,0.000846091,0.000845555,0.000845037,0.000844537,0.000844055,0.000843592,0.000843148,0.000842724,0.00084232,0.000841937,0.000841576,0.000841237,0.000840921,0.000840628,0.000840359,0.000840115,0.000839897,0.000839705,0.00083954,0.000839403,0.000839295,0.000839217,0.000839171,0.000839156,0.000839176,0.00083923,0.000839321,0.000839449,0.000839618,0.000839828,0.000840082,0.000840381,0.000840728,0.000841125,0.000841575,0.00084208,0.000842644,0.000843268,0.000843957,0.000844714,0.000845541,0.000846443,0.000847422,0.000848484,0.000849631,0.000850868,0.000852199,0.000853627,0.000855158,0.000856795,0.000858542,0.000860404,0.000862385,0.00086449,0.000866721,0.000869084,0.000871583,0.00087422,0.000877001,0.000879927,0.000883004,0.000886232,0.000889617,0.000893159,0.000896862,0.000900727,0.000904756,0.000908951,0.000913312,0.000917839,0.000922534,0.000927396,0.000932425,0.000937619,0.000942978,0.0009485,0.000954182,0.000960023,0.00096602,0.00097217,0.000978469,0.000984914,0.000991501,0.000998225,0.00100508,0.00101207,0.00101918,