{"radius":25,"P_v":[0.000173581,0.000173524,0.000173455,0.00017337,0.000173266,0.000173138,0.000172981,0.000172788,0.000172559,0.000172296,0.000172007,0.000171707,0.000171412,0.000171146,0.000170929,0.000170781,0.000170716,0.000170745,0.000170866,0.000171073,0.00017135,0.000171673,0.000172013,0.000172335,0.000172606,0.000172791,0.000172859,0.000172787,0.000172555,0.000172156,0.000171586,0.000170852,0.000169966,0.000168944,0.000167808,0.000166582,0.000165292,0.000163964,0.000162623,0.000161294,0.00016,0.000158761,0.000157595,0.000156517,0.00015554,0.000154673,0.000153921,0.000153289,0.000152777,0.000152385,0.000152107,0.000151941,0.000151877,0.00015191,0.00015203,0.000152227,0.000152493,0.000152818,0.000153193,0.000153608,0.000154056,0.000154527,0.000155016,0.000155515,0.000156018,0.00015652,0.000157017,0.000157505,0.000157981,0.000158441,0.000158884,0.000159309,0.000159714,0.000160098,0.00016046,0.000160802,0.000161122,0.000161421,0.0001617,0.000161958,0.000162198,0.000162419,0.000162622,0.000162808,0.000162978,0.000163133,0.000163273,0.000163399,0.000163512,0.000163612,0.000163699,0.000163775,0.000163838,0.00016389,0.000163929,0.000163958,0.000163975,0.000163981,0.000163976,0.000163962,0.000163937,0.000163904,0.000163863,0.000163816,0.000163763,0.000163708,0.000163651,0.000163594,0.000163539,0.000163488,0.000163442,0.000163404,0.000163373,0.000163351,0.000163339,0.000163336,0.000163342,0.000163357,0.000163379,0.000163407,0.000163439,0.000163474,0.000163509,0.000163542,0.000163571,0.000163594,0.00016361,0.000163617,0.000163614,0.0001636,0.000163576,0.000163542,0.000163498,0.000163447,0.00016339,0.000163331,0.000163271,0.000163214,0.000163164,0.000163124,0.000163098,0.000163091,0.000163105,0.000163145,0.000163213,0.000163313,0.000163447,0.000163618,0.000163827,0.000164076,0.000164365,0.000164694,0.000165063,0.000165472,0.000165918,0.0001664,0.000166917,0.000167466,0.000168043,0.000168648,0.000169276,0.000169925,0.000170593,0.000171276,0.000171973,0.000172681,0.000173399,0.000174126,0.000174859,0.0001756,0.000176348,0.000177103,0.000177866,0.000178639,0.000179423,0.000180219,0.000181031,0.000181861,0.000182711,0.000183585,0.000184486,0.000185418,0.000186383,0.000187387,0.000188433,0.000189526,0.00019067,0.00019187,0.000193132,0.000194461,0.000195864,0.000197348,0.000198921,0.000200592,0.000202369,0.000204264,0.000206289,0.000208456,0.00021078,0.000213276,0.000215962,0.000218857,0.00022198,0.000225355,0.000229005,0.000232954,0.000237231,0.000241863,0.00024688,0.00025231,0.000258183,0.000264527,0.00027137,0.000278732,0.000286631,0.000295074,0.000304056,0.000313558,0.000323537,0.00033392,0.0003446,0.000355422,0.000366172,0.000376567,0.000386237,0.000394714,0.000401414,0.000405626,0.000406499,0.00040304,0.000394118,0.000378476,0.000354761,0.000321573,0.000277527,0.000221342,0.000151938,6.85561E-5,-2.91237E-5,-0.000140862,-0.000265762,-0.000402187,-0.000547731,-0.000699224,-0.000852792,-0.00100397,-0.00114786,-0.00127936,-0.0013934,-0.00148523,-0.00155075,-0.00158681,-0.00159142,-0.00156401,-0.00150538,-0.00141773,-0.00130449,-0.00117005,-0.00101954,-0.000858506,-0.000692615,-0.000527336,-0.000367607,-0.00021754,-8.02046E-5,4.24887E-5,0.000149775,0.000241906,0.000319941,0.000385485,0.000440426,0.00048671,0.000526165,0.000560405,0.000590786,0.000618403,0.000644113,0.000668567,0.000692243,0.00071548,0.000738518,0.000761527,0.000784632,0.000807924,0.000831474,0.000855333,0.000879545,0.00090415,0.000929183,0.000954677,0.000980666,0.00100718,0.00103425,0.0010619,0.00109016,0.00111905,0.00114861,0.00117887,0.00120986,0.00124162,0.00127418,0.0013076,0.00134194,0.00137726,0.00141367,0.00145125,0.00149013,0.00153049,0.00157249,0.00161636,0.00166238,0.00171086,0.00176222,0.00181693,0.00187559,0.00193894,0.00200791,0.0020837,null,null,null,null,null,null,null,null,null,null,null,null,null,null,null,null,null,null,null,null,null,null,null,null,null,null,null,null,null,null,null,null,null,null,null,null,null,null,null,null,null,null,null,null,null,null,null,null,null,null,null,null,null,null,null,null,null,null,null,null,null,null,null,null,null,null,null,null,null,null,null,null,null,null,null,null,null,null,null,null,null,null,null,null,null,null,null,null,null,null,null,null,null,null,null,null,null,null,null,null,null,null,null,null,null,null,null,null,null,null,null,null,null,null,null,null,null,null,null,null,null,null,null,null,null,null,null,null,null,null,null,null,null,null,null,null,null,null,null,null,null,null,null,null,null,null,null,null,null,null,null,null,null,null,null,null,null,null,null,null,null,null,null,null,null,null,null,null,null,null,null,null,null,null,null,null,null,null,null,null,null,null,null,null,null,null,null,null,null,null,null,null,null,null,null,null,null,null,null,null,null,null,null,null,null,null,null,null,null,null,null,null,null,null,null,null,null,null,null,null,null,null,null,null,null,null,null,null,null,null,null,null,null,null,null,null,null,null,null,null,null,null,null,null,null,null,null,null,null,null,null,null,null,null,null,null,null,null,null,null,null,null,null,null,null,null,null,null,null,null,null,null,null,null,null,null,null,null,null,null,null,null,null,null,null,null,null,null,null,null,null,null,null,null,null,null,null,null,null,null,null,null,null,null,null,null,null,null,null,null,null,null,null,null,null,null,null,null,null,null,null,null,null,null,null,null,null,null,null,null,null,null,null,null,null,null,null,null,null,null,null,null,null,null,null,null,null,null,null,null,null,null,null,null,null,null,null,null,null,null,null,null,null,null,null,null,null,null,null,null,null,null,null,null,null,null,null,null,null,null,null,null,null,null,null,null,null,null,null,null,null,null,null,null,null,null,null,null,null,null,null,null,null,null,null,null,null,null,null,null,null,null,null,null,null,null,null,null,null,null,null,null,null,null,null,null,null,null,null,null,null,null,null,null,null,null,null,null,null,null,null,null,null,null,null,null,null,null,null,null,null,null,null,null,null,null,null,null,null,null,null,null,null,null,null,null,null,null,null,null,null,null,null,null,null,null,null,null,null,null,null,null,null,null,null,null,null,null,null,null,null,null,null,null,null,null,null,null,null,null,null,null,null,null,null,null,null,null,null,null,null,null,null,null,null,null,null,null,null,null,null,null,null,null,null,null,null,null,null,null,null,null,null,null,null,null,null,null,null,null,null,null,null,null,null,null,null,null,null,null,null,null,null,null,null,null,null,null,null,null,null,null,null,null,null,null,null,null,null,null,null,null,null,null,null,null,null,null,null,null,null,null,null,null,null,null,null,null,null,null,null,null,null,null,null,null,null,null,null,null,null,null,null,null,null,null,null,null,null,null,null,null,null,null,null,null,null,null,null,null,null,null,null,null,null,null,null,null,null,null,null,null,null,null,null,null,null,null,null,null,null,null,null,null,null,null,null,null,null,null,null,null,null,null,null,null,null,null,null,null,null,null,null,null,null,null,null,null,null,null,null,null,null,null,null,null,null,null,null,null,null,null],"P_inf":0.0028983319016612774,"S":0.02193,"nu_l":0.16666666666666666,"rho_l":0.34,"r_inf":56.000000000000007}