{"radius":30,"P_v":[0.000173114,0.000173113,0.000173112,0.000173111,0.000173109,0.000173107,0.000173104,0.0001731,0.000173096,0.00017309,0.000173083,0.000173074,0.000173063,0.000173048,0.000173027,0.000172998,0.000172959,0.000172907,0.000172838,0.000172752,0.000172647,0.000172524,0.000172385,0.000172235,0.000172078,0.000171921,0.000171772,0.000171639,0.000171529,0.000171449,0.000171406,0.000171404,0.000171445,0.000171529,0.000171655,0.000171819,0.000172013,0.000172231,0.000172464,0.0001727,0.00017293,0.000173142,0.000173327,0.000173475,0.000173577,0.000173626,0.000173616,0.000173543,0.000173405,0.000173199,0.000172926,0.000172587,0.000172185,0.000171723,0.000171204,0.000170635,0.000170019,0.000169363,0.000168672,0.000167952,0.000167209,0.000166448,0.000165675,0.000164896,0.000164115,0.000163337,0.000162566,0.000161807,0.000161063,0.000160336,0.000159631,0.00015895,0.000158294,0.000157666,0.000157066,0.000156496,0.000155956,0.000155447,0.000154969,0.000154522,0.000154106,0.000153719,0.000153362,0.000153033,0.000152731,0.000152455,0.000152204,0.000151976,0.000151771,0.000151586,0.00015142,0.000151272,0.000151141,0.000151025,0.000150922,0.000150832,0.000150752,0.000150683,0.000150623,0.00015057,0.000150524,0.000150484,0.000150448,0.000150416,0.000150388,0.000150361,0.000150336,0.000150312,0.000150288,0.000150264,0.000150238,0.000150211,0.000150181,0.000150149,0.000150113,0.000150073,0.000150029,0.000149981,0.000149927,0.000149868,0.000149804,0.000149734,0.000149657,0.000149575,0.000149486,0.00014939,0.000149289,0.000149181,0.000149066,0.000148946,0.000148819,0.000148687,0.000148549,0.000148405,0.000148257,0.000148105,0.000147948,0.000147787,0.000147623,0.000147456,0.000147286,0.000147114,0.000146941,0.000146767,0.000146592,0.000146418,0.000146243,0.00014607,0.000145898,0.000145728,0.00014556,0.000145395,0.000145233,0.000145075,0.000144921,0.000144772,0.000144627,0.000144487,0.000144353,0.000144224,0.000144102,0.000143986,0.000143877,0.000143774,0.000143678,0.00014359,0.000143509,0.000143435,0.000143369,0.000143311,0.00014326,0.000143217,0.000143182,0.000143155,0.000143135,0.000143123,0.000143119,0.000143122,0.000143133,0.00014315,0.000143175,0.000143207,0.000143246,0.000143291,0.000143342,0.000143399,0.000143462,0.000143531,0.000143605,0.000143684,0.000143767,0.000143855,0.000143947,0.000144042,0.000144141,0.000144243,0.000144348,0.000144455,0.000144565,0.000144676,0.000144789,0.000144903,0.000145018,0.000145134,0.00014525,0.000145366,0.000145482,0.000145598,0.000145713,0.000145827,0.00014594,0.000146052,0.000146163,0.000146272,0.000146379,0.000146485,0.000146588,0.00014669,0.000146789,0.000146885,0.000146979,0.000147071,0.00014716,0.000147247,0.00014733,0.000147412,0.00014749,0.000147566,0.000147638,0.000147708,0.000147776,0.00014784,0.000147902,0.000147961,0.000148018,0.000148072,0.000148123,0.000148172,0.000148218,0.000148262,0.000148303,0.000148342,0.000148379,0.000148413,0.000148446,0.000148476,0.000148504,0.00014853,0.000148554,0.000148577,0.000148597,0.000148616,0.000148633,0.000148649,0.000148663,0.000148675,0.000148687,0.000148696,0.000148705,0.000148712,0.000148718,0.000148723,0.000148727,0.000148729,0.000148731,0.000148732,0.000148732,0.000148731,0.000148729,0.000148726,0.000148723,0.000148719,0.000148714,0.000148709,0.000148703,0.000148697,0.00014869,0.000148683,0.000148675,0.000148667,0.000148658,0.00014865,0.00014864,0.000148631,0.000148621,0.000148611,0.0001486,0.00014859,0.000148579,0.000148568,0.000148556,0.000148545,0.000148533,0.000148522,0.00014851,0.000148498,0.000148486,0.000148474,0.000148462,0.000148449,0.000148437,0.000148425,0.000148412,0.0001484,0.000148387,0.000148375,0.000148362,0.00014835,0.000148337,0.000148325,0.000148312,0.000148299,0.000148287,0.000148274,0.000148262,0.000148249,0.000148237,0.000148225,0.000148212,0.0001482,0.000148187,0.000148175,0.000148163,0.000148151,0.000148138,0.000148126,0.000148114,0.000148102,0.00014809,0.000148078,0.000148066,0.000148054,0.000148042,0.00014803,0.000148018,0.000148006,0.000147994,0.000147982,0.00014797,0.000147959,0.000147947,0.000147935,0.000147924,0.000147912,0.0001479,0.000147889,0.000147877,0.000147866,0.000147854,0.000147842,0.000147831,0.00014782,0.000147808,0.000147797,0.000147785,0.000147774,0.000147762,0.000147751,0.000147739,0.000147728,0.000147717,0.000147705,0.000147694,0.000147683,0.000147671,0.00014766,0.000147648,0.000147637,0.000147626,0.000147614,0.000147603,0.000147592,0.00014758,0.000147569,0.000147558,0.000147546,0.000147535,0.000147523,0.000147512,0.000147501,0.000147489,0.000147478,0.000147466,0.000147455,0.000147443,0.000147432,0.00014742,0.000147409,0.000147397,0.000147386,0.000147374,0.000147363,0.000147351,0.00014734,0.000147328,0.000147316,0.000147305,0.000147293,0.000147281,0.00014727,0.000147258,0.000147246,0.000147235,0.000147223,0.000147211,0.000147199,0.000147188,0.000147176,0.000147164,0.000147152,0.00014714,0.000147128,0.000147116,0.000147104,0.000147092,0.00014708,0.000147069,0.000147057,0.000147044,0.000147032,0.00014702,0.000147008,0.000146996,0.000146984,0.000146972,0.00014696,0.000146948,0.000146936,0.000146923,0.000146911,0.000146899,0.000146887,0.000146875,0.000146862,0.00014685,0.000146838,0.000146825,0.000146813,0.000146801,0.000146788,0.000146776,0.000146764,0.000146751,0.000146739,0.000146727,0.000146714,0.000146702,0.00014669,0.000146677,0.000146665,0.000146652,0.00014664,0.000146628,0.000146615,0.000146603,0.00014659,0.000146578,0.000146565,0.000146553,0.000146541,0.000146528,0.000146516,0.000146503,0.000146491,0.000146479,0.000146466,0.000146454,0.000146442,0.000146429,0.000146417,0.000146405,0.000146393,0.00014638,0.000146368,0.000146356,0.000146344,0.000146331,0.000146319,0.000146307,0.000146295,0.000146283,0.000146271,0.000146259,0.000146247,0.000146235,0.000146223,0.000146211,0.000146199,0.000146187,0.000146175,0.000146164,0.000146152,0.00014614,0.000146129,0.000146117,0.000146105,0.000146094,0.000146082,0.000146071,0.00014606,0.000146048,0.000146037,0.000146026,0.000146015,0.000146003,0.000145992,0.000145981,0.00014597,0.000145959,0.000145949,0.000145938,0.000145927,0.000145916,0.000145906,0.000145895,0.000145885,0.000145874,0.000145864,0.000145854,0.000145843,0.000145833,0.000145823,0.000145813,0.000145803,0.000145793,0.000145783,0.000145774,0.000145764,0.000145754,0.000145745,0.000145735,0.000145726,0.000145717,0.000145707,0.000145698,0.000145689,0.00014568,0.000145671,0.000145662,0.000145653,0.000145645,0.000145636,0.000145628,0.000145619,0.000145611,0.000145603,0.000145594,0.000145586,0.000145578,0.00014557,0.000145562,0.000145554,0.000145547,0.000145539,0.000145532,0.000145524,0.000145517,0.000145509,0.000145502,0.000145495,0.000145488,0.000145481,0.000145474,0.000145467,0.000145461,0.000145454,0.000145447,0.000145441,0.000145435,0.000145428,0.000145422,0.000145416,0.00014541,0.000145404,0.000145398,0.000145392,0.000145386,0.000145381,0.000145375,0.00014537,0.000145364,0.000145359,0.000145354,0.000145348,0.000145343,0.000145338,0.000145333,0.000145328,0.000145323,0.000145319,0.000145314,0.000145309,0.000145305,0.000145301,0.000145296,0.000145292,0.000145288,0.000145283,0.000145279,0.000145275,0.000145271,0.000145267,0.000145264,0.00014526,0.000145256,0.000145253,0.000145249,0.000145246,0.000145242,0.000145239,0.000145235,0.000145232,0.000145229,0.000145226,0.000145223,0.00014522,0.000145217,0.000145214,0.000145211,0.000145208,0.000145205,0.000145203,0.0001452,0.000145198,0.000145195,0.000145193,0.00014519,0.000145188,0.000145185,0.000145183,0.000145181,0.000145179,0.000145176,0.000145174,0.000145172,0.00014517,0.000145168,0.000145166,0.000145164,0.000145163,0.000145161,0.000145159,0.000145157,0.000145156,0.000145154,0.000145152,0.000145151,0.000145149,0.000145148,0.000145146,0.000145145,0.000145143,0.000145142,0.00014514,0.000145139,0.000145138,0.000145136,0.000145135,0.000145134,0.000145133,0.000145132,0.00014513,0.000145129,0.000145128,0.000145127,0.000145126,0.000145125,0.000145124,0.000145123,0.000145122,