{"radius":20,"P_v":[0.000195943,0.000193725,0.000191761,0.000190118,0.000188834,0.000187913,0.00018733,0.000187032,0.000186947,0.000186997,0.000187104,0.000187192,0.000187199,0.000187071,0.000186766,0.000186255,0.000185518,0.000184549,0.000183348,0.000181928,0.000180306,0.000178509,0.000176569,0.000174521,0.000172401,0.000170247,0.000168096,0.000165981,0.000163932,0.000161976,0.000160134,0.000158423,0.000156855,0.000155438,0.000154175,0.000153067,0.000152111,0.000151301,0.000150629,0.000150087,0.000149664,0.000149349,0.00014913,0.000148997,0.000148937,0.000148941,0.000148998,0.000149098,0.000149233,0.000149395,0.000149576,0.000149771,0.000149973,0.000150177,0.00015038,0.000150578,0.000150767,0.000150946,0.000151112,0.000151264,0.0001514,0.000151521,0.000151626,0.000151715,0.000151787,0.000151843,0.000151884,0.00015191,0.000151923,0.000151922,0.000151908,0.000151883,0.000151847,0.0001518,0.000151745,0.00015168,0.000151606,0.000151525,0.000151436,0.00015134,0.000151236,0.000151126,0.000151008,0.000150883,0.000150751,0.000150612,0.000150466,0.000150312,0.000150151,0.000149983,0.000149808,0.000149626,0.000149437,0.000149242,0.00014904,0.000148832,0.000148618,0.000148399,0.000148175,0.000147948,0.000147716,0.000147482,0.000147245,0.000147007,0.000146768,0.000146529,0.00014629,0.000146053,0.000145817,0.000145585,0.000145356,0.000145131,0.000144911,0.000144697,0.000144489,0.000144287,0.000144094,0.000143908,0.00014373,0.000143562,0.000143403,0.000143253,0.000143114,0.000142985,0.000142867,0.00014276,0.000142663,0.000142578,0.000142504,0.000142441,0.00014239,0.000142349,0.00014232,0.000142301,0.000142293,0.000142296,0.000142309,0.000142331,0.000142363,0.000142404,0.000142454,0.000142512,0.000142577,0.00014265,0.00014273,0.000142816,0.000142907,0.000143004,0.000143106,0.000143211,0.000143321,0.000143433,0.000143548,0.000143665,0.000143784,0.000143904,0.000144025,0.000144146,0.000144267,0.000144387,0.000144507,0.000144625,0.000144742,0.000144857,0.00014497,0.000145081,0.000145189,0.000145295,0.000145398,0.000145497,0.000145594,0.000145687,0.000145777,0.000145863,0.000145946,0.000146026,0.000146102,0.000146174,0.000146243,0.000146309,0.000146371,0.000146429,0.000146484,0.000146536,0.000146584,0.000146629,0.000146671,0.00014671,0.000146746,0.000146779,0.000146809,0.000146836,0.000146861,0.000146883,0.000146903,0.000146921,0.000146936,0.000146949,0.00014696,0.000146968,0.000146975,0.00014698,0.000146984,0.000146985,0.000146986,0.000146984,0.000146981,0.000146977,0.000146972,0.000146965,0.000146957,0.000146948,0.000146938,0.000146927,0.000146915,0.000146903,0.000146889,0.000146875,0.00014686,0.000146845,0.000146829,0.000146812,0.000146794,0.000146777,0.000146758,0.00014674,0.000146721,0.000146701,0.000146682,0.000146661,0.000146641,0.000146621,0.0001466,0.000146579,0.000146558,0.000146536,0.000146515,0.000146493,0.000146471,0.000146449,0.000146427,0.000146405,0.000146383,0.000146361,0.000146339,0.000146317,0.000146295,0.000146273,0.00014625,0.000146228,0.000146206,0.000146184,0.000146162,0.00014614,0.000146118,0.000146096,0.000146074,0.000146052,0.000146031,0.000146009,0.000145987,0.000145966,0.000145945,0.000145923,0.000145902,0.000145881,0.00014586,0.000145839,0.000145818,0.000145797,0.000145777,0.000145756,0.000145736,0.000145716,0.000145695,0.000145675,0.000145655,0.000145636,0.000145616,0.000145596,0.000145577,0.000145558,0.000145538,0.000145519,0.0001455,0.000145481,0.000145462,0.000145444,0.000145425,0.000145407,0.000145389,0.00014537,0.000145352,0.000145334,0.000145317,0.000145299,0.000145281,0.000145264,0.000145247,0.000145229,0.000145212,0.000145195,0.000145179,0.000145162,0.000145145,0.000145129,0.000145112,0.000145096,0.00014508,0.000145064,0.000145048,0.000145032,0.000145017,0.000145001,0.000144986,0.000144971,0.000144955,0.00014494,0.000144926,0.000144911,0.000144896,0.000144882,0.000144867,0.000144853,0.000144839,0.000144825,0.000144811,0.000144797,0.000144784,0.00014477,0.000144757,0.000144744,0.000144731,0.000144718,0.000144705,0.000144692,0.00014468,0.000144667,0.000144655,0.000144643,0.000144631,0.000144619,0.000144608,0.000144596,0.000144585,0.000144573,0.000144562,0.000144551,0.00014454,0.00014453,0.000144519,0.000144509,0.000144498,0.000144488,0.000144478,0.000144468,0.000144459,0.000144449,0.00014444,0.000144431,0.000144422,0.000144413,0.000144404,0.000144395,0.000144387,0.000144378,0.00014437,0.000144362,0.000144354,0.000144346,0.000144339,0.000144331,0.000144324,0.000144317,0.00014431,0.000144303,0.000144296,0.000144289,0.000144283,0.000144277,0.00014427,0.000144264,0.000144258,0.000144253,0.000144247,0.000144242,0.000144236,0.000144231,0.000144226,0.000144221,0.000144216,0.000144211,0.000144207,0.000144202,0.000144198,0.000144194,0.00014419,0.000144186,0.000144182,0.000144178,0.000144175,0.000144171,0.000144168,0.000144164,0.000144161,0.000144158,0.000144155,0.000144153,0.00014415,0.000144147,0.000144145,0.000144142,0.00014414,0.000144138,0.000144136,0.000144134,0.000144132,0.00014413,0.000144128,0.000144126,0.000144125,0.000144123,0.000144122,0.00014412,0.000144119,0.000144118,0.000144117,0.000144116,0.000144115,0.000144114,0.000144113,0.000144112,0.000144112,0.000144111,0.00014411,0.00014411,0.000144109,0.000144109,0.000144109,0.000144108,0.000144108,0.000144108,0.000144108,0.000144108,0.000144107,0.000144107,0.000144107,0.000144107,0.000144108,0.000144108,0.000144108,0.000144108,0.000144108,0.000144109,0.000144109,0.000144109,0.00014411,0.00014411,0.00014411,0.000144111,0.000144111,0.000144112,0.000144112,0.000144113,0.000144113,0.000144114,0.000144114,0.000144115,0.000144116,0.000144116,0.000144117,0.000144118,0.000144118,0.000144119,0.00014412,0.00014412,0.000144121,0.000144122,0.000144123,0.000144123,0.000144124,0.000144125,0.000144126,0.000144126,0.000144127,0.000144128,0.000144129,0.000144129,0.00014413,0.000144131,0.000144132,0.000144132,0.000144133,0.000144134,0.000144135,0.000144135,0.000144136,0.000144137,0.000144138,0.000144139,0.000144139,0.00014414,0.000144141,0.000144142,0.000144142,0.000144143,0.000144144,0.000144144,0.000144145,0.000144146,0.000144147,0.000144147,0.000144148,0.000144149,0.000144149,0.00014415,0.000144151,0.000144151,0.000144152,0.000144153,0.000144153,0.000144154,0.000144155,0.000144155,0.000144156,0.000144156,0.000144157,0.000144158,0.000144158,0.000144159,0.000144159,0.00014416,0.000144161,0.000144161,0.000144162,0.000144162,0.000144163,0.000144163,0.000144164,0.000144164,0.000144165,0.000144165,0.000144166,0.000144166,0.000144167,0.000144167,0.000144168,0.000144168,0.000144168,0.000144169,0.000144169,0.00014417,0.00014417,0.000144171,0.000144171,0.000144171,0.000144172,0.000144172,0.000144172,0.000144173,0.000144173,0.000144174,0.000144174,0.000144174,0.000144175,0.000144175,0.000144175,0.000144176,0.000144176,0.000144176,0.000144177,0.000144177,0.000144177,0.000144177,0.000144178,0.000144178,0.000144178,0.000144179,0.000144179,0.000144179,0.000144179,0.00014418,0.00014418,0.00014418,0.00014418,0.000144181,0.000144181,0.000144181,0.000144181,0.000144182,0.000144182,0.000144182,0.000144182,0.000144183,0.000144183,0.000144183,0.000144183,0.000144183,0.000144184,0.000144184,0.000144184,0.000144184,0.000144184,0.000144185,0.000144185,0.000144185,0.000144185,0.000144185,0.000144186,0.000144186,0.000144186,0.000144186,0.000144186,0.000144186,0.000144187,0.000144187,0.000144187,0.000144187,0.000144187,0.000144187,0.000144188,0.000144188,0.000144188,0.000144188,0.000144188,0.000144188,0.000144189,0.000144189,0.000144189,0.000144189,0.000144189,0.000144189,0.00014419,0.00014419,0.00014419,0.00014419,0.00014419,0.00014419,0.00014419,0.000144191,0.000144191,0.000144191,0.000144191,0.000144191,0.000144191,0.000144192,0.000144192,0.000144192,0.000144192,0.000144192,0.000144192,0.000144192,0.000144193,0.000144193,0.000144193,0.000144193,0.000144193,0.000144193,0.000144194,0.000144194,0.000144194,0.000144194,0.000144194,0.000144194,0.000144194,0.000144195,0.000144195,0.000144195,0.000144195,0.000144195,