{"radius":30,"P_v":[0.000173115,0.000173114,0.000173113,0.000173111,0.000173109,0.000173107,0.000173103,0.0001731,0.000173095,0.000173089,0.000173081,0.000173071,0.000173058,0.000173041,0.000173018,0.000172986,0.000172943,0.000172885,0.00017281,0.000172717,0.000172605,0.000172475,0.000172331,0.000172176,0.000172018,0.000171864,0.000171722,0.000171601,0.000171507,0.000171448,0.000171426,0.000171443,0.000171497,0.000171583,0.000171694,0.000171819,0.000171946,0.000172062,0.000172154,0.000172207,0.00017221,0.000172153,0.000172028,0.000171827,0.000171549,0.00017119,0.000170753,0.00017024,0.000169657,0.000169009,0.000168305,0.000167553,0.000166762,0.000165943,0.000165104,0.000164256,0.000163408,0.000162569,0.000161749,0.000160954,0.000160192,0.00015947,0.000158793,0.000158166,0.000157592,0.000157076,0.000156617,0.000156219,0.000155882,0.000155604,0.000155386,0.000155225,0.00015512,0.000155068,0.000155066,0.000155111,0.000155199,0.000155326,0.000155489,0.000155684,0.000155907,0.000156154,0.000156422,0.000156707,0.000157006,0.000157316,0.000157633,0.000157956,0.00015828,0.000158606,0.000158929,0.00015925,0.000159565,0.000159874,0.000160175,0.000160468,0.000160752,0.000161026,0.000161289,0.000161542,0.000161783,0.000162013,0.000162232,0.000162439,0.000162634,0.000162818,0.00016299,0.000163151,0.000163301,0.00016344,0.000163568,0.000163685,0.000163792,0.000163888,0.000163975,0.000164051,0.000164119,0.000164177,0.000164227,0.000164268,0.000164302,0.000164327,0.000164346,0.000164358,0.000164364,0.000164364,0.000164359,0.00016435,0.000164336,0.000164319,0.000164299,0.000164276,0.000164252,0.000164226,0.0001642,0.000164174,0.000164149,0.000164124,0.000164102,0.000164082,0.000164064,0.000164051,0.000164041,0.000164036,0.000164036,0.000164042,0.000164053,0.000164071,0.000164096,0.000164129,0.000164169,0.000164217,0.000164273,0.000164338,0.000164412,0.000164494,0.000164586,0.000164687,0.000164798,0.000164918,0.000165047,0.000165185,0.000165333,0.00016549,0.000165656,0.00016583,0.000166013,0.000166204,0.000166403,0.000166609,0.000166822,0.000167042,0.000167267,0.000167499,0.000167735,0.000167976,0.000168222,0.00016847,0.000168722,0.000168976,0.000169232,0.00016949,0.000169748,0.000170006,0.000170264,0.000170521,0.000170777,0.000171031,0.000171283,0.000171532,0.000171779,0.000172021,0.00017226,0.000172495,0.000172725,0.000172951,0.000173171,0.000173387,0.000173597,0.000173801,0.000174,0.000174193,0.00017438,0.000174561,0.000174735,0.000174904,0.000175066,0.000175223,0.000175373,0.000175517,0.000175654,0.000175786,0.000175911,0.000176031,0.000176144,0.000176252,0.000176354,0.00017645,0.00017654,0.000176625,0.000176705,0.000176779,0.000176847,0.000176911,0.000176969,0.000177023,0.000177071,0.000177115,0.000177154,0.000177189,0.000177219,0.000177244,0.000177266,0.000177283,0.000177296,0.000177306,0.000177311,0.000177313,0.000177311,0.000177306,0.000177298,0.000177286,0.000177271,0.000177253,0.000177232,0.000177209,0.000177183,0.000177155,0.000177124,0.000177092,0.000177057,0.00017702,0.000176982,0.000176942,0.000176901,0.000176859,0.000176816,0.000176771,0.000176726,0.000176681,0.000176635,0.000176589,0.000176543,0.000176497,0.000176452,0.000176406,0.000176362,0.000176318,0.000176275,0.000176233,0.000176192,0.000176152,0.000176114,0.000176077,0.000176042,0.000176009,0.000175977,0.000175948,0.00017592,0.000175895,0.000175872,0.000175851,0.000175832,0.000175816,0.000175803,0.000175792,0.000175784,0.000175779,0.000175776,0.000175776,0.000175779,0.000175786,0.000175795,0.000175807,0.000175822,0.00017584,0.000175862,0.000175887,0.000175915,0.000175947,0.000175982,0.000176021,0.000176063,0.000176109,0.000176159,0.000176213,0.000176271,0.000176334,0.0001764,0.000176472,0.000176548,0.000176629,0.000176715,0.000176806,0.000176903,0.000177006,0.000177115,0.00017723,0.000177352,0.000177481,0.000177618,0.000177762,0.000177914,0.000178076,0.000178246,0.000178426,0.000178617,0.000178818,0.000179031,0.000179256,0.000179494,0.000179746,0.000180012,0.000180294,0.000180592,0.000180907,0.00018124,0.000181594,0.000181967,0.000182363,0.000182782,0.000183226,0.000183697,0.000184195,0.000184724,0.000185284,0.000185877,0.000186507,0.000187175,0.000187883,0.000188634,0.000189431,0.000190277,0.000191175,0.000192128,0.00019314,0.000194214,0.000195355,0.000196568,0.000197856,0.000199224,0.000200679,0.000202225,0.000203868,0.000205615,0.000207473,0.000209449,0.00021155,0.000213784,0.00021616,0.000218687,0.000221375,0.000224233,0.000227273,0.000230504,0.000233938,0.000237588,0.000241464,0.00024558,0.000249947,0.000254577,0.000259482,0.000264674,0.000270161,0.000275953,0.000282056,0.000288473,0.000295206,0.000302248,0.000309591,0.000317216,0.000325097,0.000333197,0.000341465,0.000349835,0.000358224,0.000366523,0.000374602,0.000382299,0.000389422,0.000395739,0.000400979,0.000404827,0.000406921,0.00040685,0.000404154,0.000398326,0.000388816,0.000375036,0.000356373,0.0003322,0.000301896,0.000264864,0.00022056,0.00016852,0.000108388,3.99534E-5,-3.68256E-5,-0.000121786,-0.000214539,-0.00031445,-0.000420626,-0.000531916,-0.000646914,-0.000763982,-0.000881274,-0.000996777,-0.00110836,-0.00121382,-0.00131096,-0.00139768,-0.00147198,-0.00153214,-0.0015767,-0.0016046,-0.00161516,-0.00160817,-0.00158387,-0.00154294,-0.00148649,-0.00141598,-0.00133318,-0.00124009,-0.00113892,-0.00103192,-0.000921407,-0.000809639,-0.000698745,-0.000590665,-0.000487087,-0.0003894,-0.000298662,-0.000215587,-0.000140557,-7.36444E-5,-1.46536E-5,3.6826E-5,8.13642E-5,0.000119633,0.000152357,0.000180267,0.000204072,0.000224432,0.000241947,0.00025715,0.000270503,0.000282402,0.000293174,0.00030309,0.000312368,0.000321183,0.000329675,0.000337957,0.00034612,0.000354238,0.000362367,0.000370552,0.000378824,0.00038721,0.00039573,0.000404403,0.000413248,0.000422282,0.000431521,0.000440978,0.000450663,0.000460587,0.000470757,0.000481187,0.000491888,0.000502878,0.000514171,0.000525783,0.000537729,0.000550023,0.000562681,0.00057572,0.000589163,0.000603035,0.00061736,0.000632167,0.00064748,0.000663328,0.000679743,0.000696764,0.000714433,0.000732797,0.000751905,0.00077181,0.000792572,0.000814257,0.000836944,0.000860722,0.00088569,0.000911959,0.000939656,0.000968932,0.00099996,0.00103295,0.00106814,0.00110583,0.00114639,0.00119025,0.00123801,0.00129044,0.00134869,0.00141487,0.0014949,0.0016093,0.00181691,0.00222838,0.0029421,0.00389428,0.00481119,0.00541023,0.0056166,0.00554013,0.00532512,0.00506704,0.00481106,0.00457375,0.00435903,0.00416611,0.00399269,0.00383628,0.0036946,0.00356566,0.00344779,0.00333958,0.00323986,0.00314761,0.00306202,0.00298234,0.00290798,0.00283837,0.00277309,0.0027117,0.00265388,0.00259929,0.00254769,0.00249878,0.00245242,0.00240833,0.00236642,0.00232646,0.00228837,0.00225196,0.00221718,0.00218386,0.00215197,0.00212135,0.002092,0.00206376,0.00203664,0.0020105,0.00198537,0.00196111,0.00193775,0.00191517,0.00189339,0.00187231,0.00185197,0.00183225,0.00181319,0.0017947,0.00177681,0.00175944,0.00174261,0.00172625,0.0017104,0.00169497,0.00168001,0.00166543,0.00165128,0.00163748,0.00162409,0.00161101,0.0015983,0.00158589,0.00157382,0.00156203,0.00155055,0.00153933,0.0015284,0.00151771,0.00150729,0.0014971,0.00148716,0.00147742,0.00146792,0.00145861,0.00144953,0.00144062,0.00143193,0.0014234,0.00141507,0.0014069,0.00139891,0.00139106,0.0013834,0.00137587,0.0013685,0.00136127,0.00135419,0.00134723,0.00134042,0.00133372,0.00132717,0.00132072,0.00131441,0.00130819,0.00130211,0.00129611,0.00129024,0.00128446,0.00127879,0.00127321,0.00126774,0.00126235,0.00125706,0.00125185,0.00124674,0.0012417,0.00123675,0.00123187,0.00122709,0.00122237,0.00121774,0.00121316,0.00120868,0.00120424,0.0011999,0.0011956,0.00119138,0.00118722,0.00118313,0.00117908,0.00117511,0.00117119,0.00116734,0.00116353,0.00115979,0.00115608,0.00115245,0.00114885,0.00114532,0.00114182,0.00113838,0.00113498,0.00113164,0.00112833,0.00112508,0.00112186,0.0011187,0.00111556,0.00111248,0.00110943,0.00110643,0.00110346,0.00110053,0.00109764,0.00109479,0.00109196,0.00108919,