{"radius":20,"P_v":[0.000195943,0.000193725,0.000191761,0.000190118,0.000188834,0.000187913,0.00018733,0.000187032,0.000186947,0.000186997,0.000187104,0.000187192,0.000187199,0.000187071,0.000186766,0.000186255,0.000185518,0.000184549,0.000183348,0.000181928,0.000180306,0.000178509,0.000176569,0.000174521,0.000172401,0.000170247,0.000168096,0.000165981,0.000163932,0.000161976,0.000160134,0.000158423,0.000156855,0.000155438,0.000154175,0.000153067,0.000152111,0.000151301,0.000150629,0.000150087,0.000149664,0.000149349,0.00014913,0.000148997,0.000148937,0.000148941,0.000148998,0.000149098,0.000149233,0.000149395,0.000149576,0.000149771,0.000149973,0.000150177,0.00015038,0.000150578,0.000150767,0.000150946,0.000151112,0.000151264,0.0001514,0.000151521,0.000151626,0.000151715,0.000151787,0.000151843,0.000151884,0.00015191,0.000151923,0.000151922,0.000151908,0.000151883,0.000151847,0.0001518,0.000151745,0.00015168,0.000151606,0.000151525,0.000151436,0.00015134,0.000151236,0.000151126,0.000151008,0.000150883,0.000150751,0.000150612,0.000150466,0.000150312,0.000150151,0.000149983,0.000149808,0.000149626,0.000149437,0.000149242,0.00014904,0.000148832,0.000148618,0.000148399,0.000148175,0.000147948,0.000147716,0.000147482,0.000147245,0.000147007,0.000146768,0.000146529,0.00014629,0.000146053,0.000145817,0.000145585,0.000145356,0.000145131,0.000144911,0.000144697,0.000144489,0.000144287,0.000144094,0.000143908,0.00014373,0.000143562,0.000143403,0.000143253,0.000143114,0.000142985,0.000142867,0.00014276,0.000142663,0.000142578,0.000142504,0.000142441,0.00014239,0.000142349,0.00014232,0.000142301,0.000142293,0.000142296,0.000142309,0.000142331,0.000142363,0.000142404,0.000142454,0.000142512,0.000142577,0.00014265,0.00014273,0.000142816,0.000142907,0.000143004,0.000143106,0.000143211,0.000143321,0.000143433,0.000143548,0.000143665,0.000143784,0.000143904,0.000144025,0.000144146,0.000144267,0.000144387,0.000144507,0.000144625,0.000144742,0.000144857,0.00014497,0.000145081,0.000145189,0.000145295,0.000145398,0.000145497,0.000145594,0.000145687,0.000145777,0.000145863,0.000145946,0.000146026,0.000146102,0.000146174,0.000146243,0.000146309,0.000146371,0.000146429,0.000146484,0.000146536,0.000146584,0.000146629,0.000146671,0.00014671,0.000146746,0.000146779,0.000146809,0.000146836,0.000146861,0.000146883,0.000146903,0.000146921,0.000146936,0.000146949,0.00014696,0.000146968,0.000146975,0.00014698,0.000146984,0.000146985,0.000146986,0.000146984,0.000146981,0.000146977,0.000146972,0.000146965,0.000146957,0.000146948,0.000146938,0.000146927,0.000146915,0.000146903,0.000146889,0.000146875,0.00014686,0.000146845,0.000146829,0.000146812,0.000146794,0.000146777,0.000146758,0.00014674,0.000146721,0.000146701,0.000146682,0.000146661,0.000146641,0.000146621,0.0001466,0.000146579,0.000146558,0.000146536,0.000146515,0.000146493,0.000146471,0.000146449,0.000146427,0.000146405,0.000146383,0.000146361,0.000146339,0.000146317,0.000146295,0.000146273,0.00014625,0.000146228,0.000146206,0.000146184,0.000146162,0.00014614,0.000146118,0.000146096,0.000146074,0.000146052,0.000146031,0.000146009,0.000145987,0.000145966,0.000145945,0.000145923,0.000145902,0.000145881,0.00014586,0.000145839,0.000145818,0.000145797,0.000145777,0.000145756,0.000145736,0.000145716,0.000145695,0.000145675,0.000145655,0.000145636,0.000145616,0.000145596,0.000145577,0.000145558,0.000145538,0.000145519,0.0001455,0.000145481,0.000145462,0.000145444,0.000145425,0.000145407,0.000145389,0.00014537,0.000145352,0.000145334,0.000145317,0.000145299,0.000145281,0.000145264,0.000145247,0.000145229,0.000145212,0.000145195,0.000145179,0.000145162,0.000145145,0.000145129,0.000145112,0.000145096,0.00014508,0.000145064,0.000145048,0.000145032,0.000145017,0.000145001,0.000144986,0.000144971,0.000144955,0.000144941,0.000144926,0.000144911,0.000144896,0.000144882,0.000144868,0.000144853,0.000144839,0.000144826,0.000144812,0.000144799,0.000144785,0.000144772,0.000144759,0.000144747,0.000144734,0.000144722,0.00014471,0.000144698,0.000144687,0.000144676,0.000144665,0.000144655,0.000144645,0.000144635,0.000144626,0.000144617,0.000144609,0.000144601,0.000144594,0.000144587,0.000144581,0.000144576,0.000144571,0.000144567,0.000144563,0.00014456,0.000144558,0.000144557,0.000144556,0.000144556,0.000144557,0.000144558,0.000144561,0.000144564,0.000144567,0.000144572,0.000144577,0.000144582,0.000144588,0.000144595,0.000144603,0.00014461,0.000144619,0.000144627,0.000144636,0.000144646,0.000144655,0.000144665,0.000144675,0.000144684,0.000144694,0.000144703,0.000144712,0.000144721,0.00014473,0.000144737,0.000144745,0.000144751,0.000144757,0.000144762,0.000144767,0.00014477,0.000144772,0.000144773,0.000144772,0.000144771,0.000144768,0.000144763,0.000144757,0.00014475,0.000144741,0.00014473,0.000144718,0.000144704,0.000144688,0.000144671,0.000144651,0.00014463,0.000144607,0.000144582,0.000144556,0.000144527,0.000144497,0.000144465,0.000144431,0.000144396,0.000144359,0.00014432,0.000144279,0.000144237,0.000144193,0.000144147,0.0001441,0.000144052,0.000144002,0.000143951,0.000143898,0.000143844,0.000143789,0.000143733,0.000143675,0.000143617,0.000143557,0.000143497,0.000143435,0.000143373,0.000143309,0.000143245,0.00014318,0.000143115,0.000143049,0.000142982,0.000142914,0.000142846,0.000142778,0.000142709,0.000142639,0.000142569,0.000142499,0.000142428,0.000142357,0.000142285,0.000142213,0.000142141,0.000142068,0.000141995,0.000141922,0.000141848,0.000141774,0.0001417,0.000141626,0.000141551,0.000141476,0.000141401,0.000141325,0.000141249,0.000141173,0.000141096,0.000141019,0.000140942,0.000140864,0.000140786,0.000140708,0.000140629,0.00014055,0.00014047,0.00014039,0.00014031,0.00014023,0.000140149,0.000140067,0.000139985,0.000139903,0.00013982,0.000139737,0.000139654,0.00013957,0.000139486,0.000139401,0.000139316,0.000139231,0.000139145,0.000139058,0.000138972,0.000138885,0.000138798,0.00013871,0.000138622,0.000138534,0.000138446,0.000138357,0.000138268,0.000138179,0.000138089,0.000138,0.00013791,0.00013782,0.00013773,0.00013764,0.00013755,0.00013746,0.00013737,0.00013728,0.000137189,0.000137099,0.000137009,0.00013692,0.00013683,0.00013674,0.000136651,0.000136562,0.000136473,0.000136385,0.000136297,0.000136209,0.000136121,0.000136034,0.000135947,0.000135861,0.000135776,0.00013569,0.000135606,0.000135522,0.000135438,0.000135355,0.000135273,0.000135191,0.00013511,0.00013503,0.00013495,0.000134871,0.000134793,0.000134716,0.000134639,0.000134563,0.000134488,0.000134414,0.00013434,0.000134268,0.000134196,0.000134125,0.000134055,0.000133986,0.000133918,0.00013385,0.000133784,0.000133718,0.000133653,0.00013359,0.000133527,0.000133464,0.000133403,0.000133343,0.000133283,0.000133225,0.000133167,0.00013311,0.000133054,0.000132998,0.000132944,0.00013289,0.000132838,0.000132785,0.000132734,0.000132684,0.000132634,0.000132585,0.000132536,0.000132489,0.000132442,0.000132395,0.00013235,0.000132304,0.00013226,0.000132216,0.000132173,0.00013213,0.000132088,0.000132046,0.000132005,0.000131964,0.000131923,0.000131884,0.000131844,0.000131805,0.000131766,0.000131728,0.00013169,0.000131653,0.000131615,0.000131578,0.000131542,0.000131506,0.00013147,0.000131434,0.000131399,0.000131363,0.000131329,0.000131294,0.00013126,0.000131226,0.000131192,0.000131158,0.000131125,0.000131092,0.00013106,0.000131027,0.000130995,0.000130964,0.000130932,0.000130901,0.00013087,0.00013084,0.000130809,0.00013078,0.00013075,0.000130721,0.000130692,0.000130664,0.000130636,0.000130608,0.000130581,0.000130555,0.000130529,0.000130503,0.000130478,0.000130453,0.000130429,0.000130405,0.000130382,0.000130359,0.000130337,0.000130315,0.000130295,0.000130274,0.000130255,0.000130236,0.000130217,0.000130199,0.000130182,0.000130166,0.00013015,0.000130135,0.000130121,0.000130107,0.000130095,0.000130083,0.000130071,0.000130061,0.000130051,0.000130043,0.000130035,0.000130027,0.000130021,0.000130016,0.000130011,0.000130008,0.000130005,0.000130003,0.000130002,0.000130002,0.000130004,0.000130006,0.000130009,