{"radius":20,"P_v":[0.000198171,0.000195756,0.000193639,0.000191881,0.000190508,0.000189511,0.000188847,0.000188444,0.000188211,0.000188047,0.000187851,0.000187525,0.000186984,0.000186156,0.000184989,0.000183454,0.000181546,0.000179287,0.000176724,0.000173926,0.000170975,0.000167963,0.000164984,0.000162126,0.000159469,0.000157078,0.000155003,0.000153278,0.000151921,0.000150933,0.000150305,0.000150013,0.000150029,0.000150317,0.000150838,0.000151554,0.000152426,0.000153417,0.000154493,0.000155625,0.000156786,0.000157956,0.000159115,0.000160249,0.000161347,0.000162402,0.000163406,0.000164357,0.000165253,0.000166094,0.00016688,0.000167613,0.000168295,0.00016893,0.00016952,0.000170069,0.00017058,0.000171056,0.000171501,0.000171918,0.000172311,0.000172682,0.000173034,0.00017337,0.000173693,0.000174005,0.000174308,0.000174604,0.000174895,0.000175183,0.000175469,0.000175755,0.000176042,0.000176331,0.000176623,0.000176919,0.000177219,0.000177524,0.000177835,0.000178152,0.000178475,0.000178806,0.000179145,0.000179491,0.000179846,0.00018021,0.000180584,0.000180969,0.000181364,0.000181772,0.000182193,0.000182628,0.000183077,0.000183543,0.000184027,0.000184529,0.000185051,0.000185595,0.000186162,0.000186753,0.000187371,0.000188016,0.000188691,0.000189397,0.000190135,0.000190909,0.000191719,0.000192566,0.000193454,0.000194383,0.000195356,0.000196373,0.000197437,0.000198549,0.00019971,0.000200923,0.000202189,0.000203508,0.000204883,0.000206315,0.000207805,0.000209355,0.000210964,0.000212636,0.00021437,0.000216169,0.000218032,0.000219962,0.00022196,0.000224026,0.000226162,0.00022837,0.000230651,0.000233006,0.000235436,0.000237945,0.000240532,0.0002432,0.000245952,0.000248788,0.000251712,0.000254725,0.000257829,0.000261027,0.000264321,0.000267714,0.000271207,0.000274802,0.000278503,0.000282309,0.000286223,0.000290247,0.000294379,0.000298621,0.000302973,0.000307431,0.000311995,0.000316661,0.000321424,0.000326278,0.000331215,0.000336225,0.000341296,0.000346413,0.00035156,0.000356716,0.000361857,0.000366954,0.000371977,0.000376887,0.000381644,0.000386198,0.000390498,0.000394481,0.000398081,0.000401223,0.000403824,0.000405792,0.000407027,0.000407421,0.000406854,0.000405199,0.00040232,0.000398071,0.000392297,0.000384835,0.000375519,0.000364171,0.000350614,0.000334666,0.000316146,0.000294874,0.000270677,0.000243389,0.000212856,0.00017894,0.000141522,0.000100509,5.58323E-5,7.45887E-6,-4.46095E-5,-0.00010033,-0.000159616,-0.000222334,-0.000288299,-0.000357275,-0.000428971,-0.000503045,-0.000579097,-0.000656679,-0.000735291,-0.000814387,-0.000893379,-0.000971643,-0.00104853,-0.00112335,-0.00119543,-0.00126406,-0.00132857,-0.00138827,-0.00144254,-0.00149076,-0.00153239,-0.00156695,-0.00159402,-0.00161328,-0.00162449,-0.00162753,-0.00162235,-0.00160902,-0.00158772,-0.00155872,-0.00152236,-0.00147912,-0.00142951,-0.00137412,-0.00131361,-0.00124869,-0.00118009,-0.00110858,-0.00103493,-0.000959921,-0.000884317,-0.000808854,-0.00073423,-0.000661092,-0.000590025,-0.000521544,-0.000456084,-0.000393999,-0.000335559,-0.000280948,-0.000230272,-0.00018356,-0.000140772,-0.000101809,-6.65207E-5,-3.47171E-5,-6.17616E-6,1.93454E-5,4.21034E-5,6.23588E-5,8.037E-5,9.63881E-5,0.000110652,0.000123384,0.000134789,0.000145055,0.000154348,0.000162818,0.000170594,0.000177793,0.000184514,0.000190846,0.000196862,0.000202629,0.0002082,0.00021362,0.000218928,0.000224151,0.000229315,0.000234439,0.000239539,0.000244632,0.000249734,0.000254864,0.00026004,0.000265283,0.000270613,0.000276051,0.000281617,0.000287332,0.000293216,0.000299293,0.00030559,0.000312135,0.000318961,0.000326104,0.000333601,0.000341487,0.000349799,0.000358569,0.00036783,0.000377613,0.000387946,0.000398863,0.000410392,0.000422564,0.000435409,0.00044895,0.000463208,0.000478198,0.00049393,0.000510411,0.000527647,0.000545643,0.000564403,0.00058393,0.000604225,0.000625285,0.000647104,0.000669677,0.000693001,0.000717077,0.000741913,0.000767523,0.000793926,0.000821147,0.000849219,0.000878187,0.00090811,0.000939065,0.000971147,0.00100447,0.00103918,0.00107543,0.00111344,0.00115345,0.00119577,0.00124079,0.00128901,0.00134114,0.0013983,0.00146295,0.00154227,0.00165804,0.0018623,0.00223758,0.00284402,0.00362614,0.00439187,0.00493722,0.00518677,0.00519827,0.00507363,0.00489287,0.00470072,0.00451725,0.00434953,0.00419884,0.00406415,0.0039437,0.00383565,0.0037383,0.00365018,0.00357004,0.00349682,0.00342964,0.00336775,0.00331051,0.00325739,0.00320791,0.00316169,0.00311838,0.00307769,0.00303936,0.00300316,0.00296889,0.00293639,0.0029055,0.00287609,0.00284803,0.00282122,0.00279556,0.00277097,0.00274737,0.0027247,0.00270289,0.00268188,0.00266162,0.00264208,0.00262319,0.00260494,0.00258727,0.00257016,0.00255357,0.00253749,0.00252187,0.0025067,0.00249196,0.00247761,0.00246365,0.00245005,0.00243678,0.00242384,0.00241121,0.00239886,0.00238679,0.00237498,0.0023634,0.00235205,0.00234091,0.00232997,0.00231921,0.00230862,0.00229818,0.00228788,0.00227771,0.00226765,0.00225769,0.00224782,0.00223802,0.00222829,0.0022186,0.00220896,0.00219934,0.00218973,0.00218012,0.0021705,0.00216087,0.0021512,0.00214149,0.00213172,0.00212189,0.00211199,0.00210201,0.00209193,0.00208176,0.00207147,0.00206107,0.00205054,0.00203988,0.00202909,0.00201815,0.00200706,0.00199581,0.00198442,0.00197286,0.00196114,0.00194925,0.0019372,0.00192499,0.00191262,0.00190008,0.00188738,0.00187453,0.00186153,0.00184838,0.00183508,0.00182166,0.0018081,0.00179442,0.00178063,0.00176674,0.00175274,0.00173867,0.00172451,0.00171029,0.00169602,0.0016817,0.00166734,0.00165297,0.00163858,0.0016242,0.00160983,0.00159548,0.00158116,0.0015669,0.00155269,0.00153855,0.00152449,0.00151052,0.00149665,0.00148289,0.00146925,0.00145574,0.00144237,0.00142914,0.00141607,0.00140316,0.00139042,0.00137785,0.00136546,0.00135326,0.00134124,0.00132943,0.00131781,0.00130639,0.00129518,0.00128417,0.00127337,0.00126278,0.00125241,0.00124224,0.00123229,0.00122254,0.00121301,0.00120368,0.00119456,0.00118565,0.00117694,0.00116843,0.00116011,0.00115199,0.00114406,0.00113632,0.00112876,0.00112138,0.00111417,0.00110714,0.00110026,0.00109356,0.001087,0.0010806,0.00107435,0.00106823,0.00106226,0.00105641,0.0010507,0.0010451,0.00103963,0.00103426,0.001029,0.00102385,0.00101879,0.00101382,0.00100895,0.00100415,0.00099944,0.000994802,0.000990235,0.000985734,0.000981297,0.000976917,0.000972593,0.00096832,0.000964095,0.000959914,0.000955774,0.000951671,0.000947603,0.000943566,0.000939557,0.000935575,0.000931615,0.000927676,0.000923754,0.000919848,0.000915955,0.000912073,0.0009082,0.000904334,0.000900472,0.000896613,0.000892755,0.000888896,0.000885034,0.000881168,0.000877295,0.000873415,0.000869526,0.000865625,0.000861712,0.000857784,0.00085384,0.000849879,0.000845899,0.000841897,0.000837872,0.000833823,0.000829747,0.000825642,0.000821506,0.000817336,0.00081313,0.000808885,0.000804597,0.000800263,0.000795878,0.000791438,0.000786937,0.000782369,0.000777726,0.000773001,0.000768182,0.00076326,0.000758221,0.000753051,0.000747733,0.00074225,0.00073658,0.0007307,0.000724587,0.000718213,0.000711549,0.000704565,0.000697229,0.000689507,0.000681366,0.000672771,0.000663688,0.000654084,0.000643927,0.000633188,0.000621838,0.000609854,0.000597215,0.000583903,0.000569907,0.000555218,0.000539831,0.000523749,0.000506977,0.000489524,0.000471405,0.000452637,0.000433243,0.000413247,0.000392675,0.000371557,0.000349924,0.000327808,0.000305242,0.00028226,0.000258896,0.000235182,0.000211152,0.000186838,0.000162272,0.000137485,0.000112507,8.73667E-5,6.20928E-5,3.6713E-5,1.12542E-5,-1.4257E-5,-3.97948E-5,-6.53336E-5,-9.0848E-5,-0.000116313,-0.000141704,-0.000166995,-0.000192163,-0.000217183,-0.00024203,-0.000266681,-0.000291111,-0.000315298,-0.000339217,-0.000362848,-0.000386167,-0.000409154,-0.00043179,-0.000454055,-0.000475931,-0.000497402,-0.000518452,-0.000539068,-0.000559237,-0.000578947,-0.00059819,-0.000616958,-0.000635243,-0.000653041,-0.000670348,-0.000687162,-0.000703483,-0.00071931,-0.000734646,-0.000749494,-0.000763857,-0.000777741,-0.000791151,