{"radius":35,"P_v":[0.000173106,0.000173106,0.000173106,0.000173106,0.000173106,0.000173106,0.000173106,0.000173106,0.000173106,0.000173106,0.000173106,0.000173106,0.000173105,0.000173105,0.000173105,0.000173104,0.000173104,0.000173103,0.000173102,0.000173101,0.0001731,0.000173099,0.000173097,0.000173095,0.000173091,0.000173085,0.000173075,0.000173061,0.000173041,0.000173013,0.000172977,0.000172932,0.000172876,0.000172811,0.000172736,0.000172654,0.000172565,0.000172474,0.000172382,0.000172294,0.000172213,0.000172142,0.000172083,0.00017204,0.000172013,0.000172002,0.000172007,0.000172024,0.000172051,0.000172084,0.000172118,0.000172147,0.000172166,0.000172169,0.000172149,0.000172103,0.000172025,0.000171911,0.000171757,0.000171562,0.000171324,0.000171043,0.000170717,0.00017035,0.000169941,0.000169495,0.000169013,0.000168499,0.000167958,0.000167393,0.00016681,0.000166211,0.000165603,0.00016499,0.000164377,0.000163767,0.000163166,0.000162578,0.000162005,0.000161453,0.000160924,0.000160421,0.000159947,0.000159504,0.000159093,0.000158717,0.000158377,0.000158073,0.000157806,0.000157576,0.000157383,0.000157227,0.000157106,0.000157019,0.000156967,0.000156946,0.000156956,0.000156994,0.00015706,0.000157151,0.000157266,0.000157401,0.000157556,0.000157728,0.000157915,0.000158116,0.000158328,0.00015855,0.00015878,0.000159017,0.000159258,0.000159502,0.000159749,0.000159996,0.000160243,0.000160488,0.000160731,0.00016097,0.000161205,0.000161435,0.000161659,0.000161877,0.000162089,0.000162293,0.000162489,0.000162678,0.000162858,0.00016303,0.000163194,0.000163349,0.000163495,0.000163632,0.000163761,0.000163881,0.000163992,0.000164095,0.00016419,0.000164277,0.000164356,0.000164427,0.000164492,0.00016455,0.000164601,0.000164646,0.000164686,0.00016472,0.00016475,0.000164775,0.000164797,0.000164816,0.000164831,0.000164845,0.000164856,0.000164867,0.000164876,0.000164886,0.000164896,0.000164906,0.000164918,0.000164932,0.000164948,0.000164966,0.000164988,0.000165014,0.000165043,0.000165077,0.000165116,0.00016516,0.00016521,0.000165265,0.000165327,0.000165395,0.00016547,0.000165551,0.00016564,0.000165737,0.00016584,0.000165951,0.00016607,0.000166197,0.000166331,0.000166472,0.000166622,0.000166779,0.000166943,0.000167114,0.000167293,0.000167478,0.00016767,0.000167868,0.000168072,0.000168282,0.000168497,0.000168717,0.000168942,0.000169171,0.000169404,0.00016964,0.000169879,0.00017012,0.000170363,0.000170608,0.000170854,0.000171101,0.000171347,0.000171594,0.000171839,0.000172084,0.000172327,0.000172568,0.000172807,0.000173043,0.000173276,0.000173506,0.000173733,0.000173955,0.000174173,0.000174387,0.000174596,0.0001748,0.000174999,0.000175194,0.000175382,0.000175566,0.000175744,0.000175916,0.000176083,0.000176245,0.0001764,0.00017655,0.000176695,0.000176834,0.000176967,0.000177094,0.000177217,0.000177334,0.000177445,0.000177551,0.000177653,0.000177749,0.00017784,0.000177926,0.000178008,0.000178085,0.000178158,0.000178226,0.00017829,0.00017835,0.000178406,0.000178458,0.000178506,0.00017855,0.000178592,0.000178629,0.000178664,0.000178695,0.000178723,0.000178749,0.000178772,0.000178792,0.00017881,0.000178825,0.000178839,0.00017885,0.00017886,0.000178868,0.000178874,0.000178879,0.000178883,0.000178885,0.000178886,0.000178886,0.000178885,0.000178883,0.00017888,0.000178876,0.000178871,0.000178865,0.000178858,0.00017885,0.00017884,0.000178829,0.000178817,0.000178802,0.000178786,0.000178768,0.000178747,0.000178723,0.000178697,0.000178668,0.000178635,0.000178599,0.00017856,0.000178516,0.000178469,0.000178418,0.000178362,0.000178303,0.000178239,0.000178172,0.000178101,0.000178026,0.000177947,0.000177865,0.000177781,0.000177694,0.000177605,0.000177515,0.000177423,0.000177331,0.00017724,0.000177149,0.000177059,0.000176971,0.000176886,0.000176805,0.000176727,0.000176654,0.000176586,0.000176523,0.000176467,0.000176417,0.000176374,0.000176339,0.000176312,0.000176292,0.000176281,0.000176278,0.000176283,0.000176296,0.000176318,0.000176348,0.000176386,0.000176432,0.000176486,0.000176546,0.000176613,0.000176686,0.000176766,0.000176851,0.00017694,0.000177034,0.000177132,0.000177233,0.000177338,0.000177444,0.000177552,0.000177661,0.000177772,0.000177882,0.000177992,0.000178102,0.000178211,0.000178319,0.000178426,0.00017853,0.000178633,0.000178734,0.000178833,0.000178929,0.000179024,0.000179117,0.000179208,0.000179298,0.000179386,0.000179474,0.000179561,0.000179648,0.000179736,0.000179826,0.000179917,0.000180011,0.000180109,0.000180212,0.00018032,0.000180436,0.000180559,0.000180691,0.000180834,0.00018099,0.00018116,0.000181345,0.000181548,0.000181772,0.000182017,0.000182288,0.000182587,0.000182917,0.000183282,0.000183685,0.000184132,0.000184627,0.000185175,0.000185783,0.000186457,0.000187205,0.000188036,0.000188959,0.000189985,0.000191125,0.000192394,0.000193807,0.000195381,0.000197135,0.00019909,0.000201272,0.000203707,0.000206427,0.000209464,0.000212859,0.000216653,0.000220894,0.000225633,0.000230926,0.000236836,0.000243425,0.00025076,0.000258908,0.000267929,0.000277875,0.000288781,0.000300652,0.000313447,0.000327059,0.000341286,0.000355799,0.000370092,0.000383437,0.000394825,0.000402914,0.000405977,0.000401879,0.000388088,0.000361741,0.00031979,0.000259232,0.000177431,7.25142E-5,-5.61981E-5,-0.000207783,-0.000379404,-0.00056615,-0.000761105,-0.000955627,-0.00113987,-0.00130347,-0.00143645,-0.00153012,-0.00157805,-0.00157684,-0.0015265,-0.00143049,-0.0012952,-0.00112923,-0.000942558,-0.000745603,-0.000548425,-0.000359893,-0.000186989,-3.43486E-5,9.58516E-5,0.000203653,0.000290811,0.000360163,0.000415015,0.000458648,0.000493986,0.000523448,0.000548928,0.000571848,0.000593238,0.000613819,0.000634077,0.000654333,0.000674803,0.000695632,0.000716921,0.000738741,0.000761144,0.000784174,0.000807869,0.000832266,0.000857399,0.000883306,0.000910025,0.000937597,0.000966067,0.000995481,0.00102589,0.00105737,0.00108997,0.00112377,0.00115884,0.00119529,0.00123322,0.00127274,0.00131399,0.00135711,0.0014023,0.00144974,0.00149967,0.00155238,0.00160817,0.00166745,0.00173068,0.00179843,0.00187141,0.00195052,0.0020369,0.0021321,null,null,null,null,null,null,null,null,null,null,null,null,null,null,null,null,null,null,null,null,null,null,null,null,null,null,null,null,null,null,null,null,null,null,null,null,null,null,null,null,null,null,null,null,null,null,null,null,null,null,null,null,null,null,null,null,null,null,null,null,null,null,null,null,null,null,null,null,null,null,null,null,null,null,null,null,null,null,null,null,null,null,null,null,null,null,null,null,null,null,null,null,null,null,null,null,null,null,null,null,null,null,null,null,null,null,null,null,null,null,null,null,null,null,null,null,null,null,null,null,null,null,null,null,null,null,null,null,null,null,null,null,null,null,null,null,null,null,null,null,null,null,null,null,null,null,null,null,null,null,null,null,null,null,null,null,null,null,null,null,null,null,null,null,null,null,null,null,null,null,null,null,null,null,null,null,null,null,null,null,null,null,null,null,null,null,null,null,null,null,null,null,null,null,null,null,null,null,null,null,null,null,null,null,null,null,null,null,null,null,null,null,null,null,null,null,null,null,null,null,null,null,null,null,null,null,null,null,null,null,null,null,null,null,null,null,null,null,null,null,null,null,null,null,null,null,null,null,null,null,null,null,null,null,null,null,null,null,null,null,null,null,null,null,null,null,null,null,null,null,null,null,null,null,null,null,null,null,null,null,null,null,null,null,null,null,null,null,null,null,null,null,null,null,null,null,null,null,null,null,null,null,null,null,null,null,null,null,null,null,null,null,null,null,null,null,null,null,null,null,null,null,null,null,null,null,null,null,null,null,null,null,null,null,null,null,null,null,null,null,null,null,null,null,null,null,null,null,null,null,null,null,null,null,null,null,null,null,null,null,null,null,null,null,null,null,null,null,null,null,null,null,null,null,null,null,null,null,null,null,null,null,null,null,null,