{"n": 9, "mx": 21, "my": 201, "omega": 1, "mstep": 10000, "cas": 10, "fcas": 1, "bc": 1, "eos": 2, "dbcas": 1, "R": 1.0, "A": 1.0, "B": 4.0, "T": [0.051882, 0.056598, 0.061315, 0.066031, 0.070747, 0.075464, 0.080181, 0.084897, 0.089613, 0.091532, 0.093279, 0.09433], "lx": 20, "ly": 200, "c": 1, "rho_l": [0.43, 0.41, 0.38, 0.36, 0.33, 0.31, 0.28, 0.25, 0.21, 0.19, 0.16, 0.13], "rho_g": [0.0002, 0.00046, 0.0021, 0.0055, 0.011, 0.019, 0.029, 0.044, 0.066, 0.08, 0.1, 0.13], "radius": 20, "freq": 1000, "rho0": 1.0, "g": -1, "if_th": 5.0, "path": "./testcase2/"}